AZ,I,Bakı Dövlət Universiteti,111114, Fizika müəllimliyi,Ə,444,444
AZ,I,Bakı Dövlət Universiteti,111139, Riyaziyyat müəllimliyi,Ə,524,524
AZ,I,Bakı Dövlət Universiteti,111155, İnformatika müəllimliyi,Ə,270,377
AZ,I,Bakı Dövlət Universiteti,111171, Riyaziyyat,Ə,323,498
AZ,I,Bakı Dövlət Universiteti,111188, Riyaziyyat,Q,275, - 
AZ,I,Bakı Dövlət Universiteti,111211, Riyaziyyat (tədris ingilis dilində),Ə,538,538
AZ,I,Bakı Dövlət Universiteti,111228, Mexanika,Ə,277,450
AZ,I,Bakı Dövlət Universiteti,111244, Fizika,Ə,284,406
AZ,I,Bakı Dövlət Universiteti,111269, Fizika (tədris ingilis dilində),Ə,413,413
AZ,I,Bakı Dövlət Universiteti,111277, Geologiya,Ə,250,381
AZ,I,Bakı Dövlət Universiteti,111285, Geologiya,Q,250, - 
AZ,I,Bakı Dövlət Universiteti,111317, Kompüter elmləri,Ə,334,550
AZ,I,Bakı Dövlət Universiteti,111325, Kompüter elmləri,Q,300, - 
AZ,I,Bakı Dövlət Universiteti,111341, Kompüter elmləri (tədris ingilis dilində),Ə,621,621
AZ,I,Bakı Dövlət Universiteti,111358, Geologiya mühəndisliyi,Ə,250,437
AZ,I,Bakı Dövlət Universiteti,111366, Geologiya mühəndisliyi,Q,200, - 
AZ,I,Bakı Dövlət Universiteti,111382, Hidrogeologiya mühəndisliyi,Ə,249,355
AZ,I,Bakı Dövlət Universiteti,111399, Hidrogeologiya mühəndisliyi,Q,200,367
AZ,I,Bakı Dövlət Universiteti,111414, Geofizika mühəndisliyi,Ə,248,419
AZ,I,Bakı Dövlət Universiteti,111422, Geofizika mühəndisliyi,Q,200, - 
AZ,I,Bakı Dövlət Universiteti,111439, Geodeziya və xəritəçilik mühəndisliyi,Ə,325,325
AZ,I,Bakı Dövlət Universiteti,111447, Kimya mühəndisliyi,Ə,299,573
AZ,I,Bakı Dövlət Universiteti,111455, Torpaqşünaslıq və aqrokimya,Ə,325,325
AZ,I,Bakı Dövlət Universiteti,111463, Torpaqşünaslıq və aqrokimya,Q,200,258
AZ,I,Bakı Dövlət Universiteti,111488," Yer quruluşu, torpaq və şəhər kadastrı",Ə,345,345
AZ,I,Bakı Dövlət Universiteti,111496," Yer quruluşu, torpaq və şəhər kadastrı",Q,200,310
AZ,I,Bakı Dövlət Universiteti,112768, Fizika müəllimliyi (Qazax filialı),Ə,200, - 
AZ,I,Bakı Dövlət Universiteti,112776, Riyaziyyat və informatika müəllimliyi (Qazax filialı),Ə,210,528
AZ,I,Bakı Dövlət Universiteti,112784, Riyaziyyat müəllimliyi (Qazax filialı),Ə,200, - 
AZ,I,Azərbaycan Dövlət Neft və Sənaye Universiteti,114111, Geologiya,Ə,314,382
AZ,I,Azərbaycan Dövlət Neft və Sənaye Universiteti,114128, Kompüter elmləri,Ə,550,550
AZ,I,Azərbaycan Dövlət Neft və Sənaye Universiteti,114144, Kompüter elmləri (tədris ingilis dilində),Ə,607,607
AZ,I,Azərbaycan Dövlət Neft və Sənaye Universiteti,114152, Materialşünaslıq mühəndisliyi,Ə,325,325
AZ,I,Azərbaycan Dövlət Neft və Sənaye Universiteti,114169, Geologiya mühəndisliyi,Ə,272,431
AZ,I,Azərbaycan Dövlət Neft və Sənaye Universiteti,114177, Geologiya mühəndisliyi (tədris ingilis dilində),Ə,440,440
AZ,I,Azərbaycan Dövlət Neft və Sənaye Universiteti,114185, Hidrogeologiya mühəndisliyi,Ə,247,356
AZ,I,Azərbaycan Dövlət Neft və Sənaye Universiteti,114193, Geofizika mühəndisliyi,Ə,298,419
AZ,I,Azərbaycan Dövlət Neft və Sənaye Universiteti,114225, Geofizika mühəndisliyi (tədris ingilis dilində),Ə,200,423
AZ,I,Azərbaycan Dövlət Neft və Sənaye Universiteti,114233, Dağ-mədən mühəndisliyi,Ə,246,344
AZ,I,Azərbaycan Dövlət Neft və Sənaye Universiteti,114241, Neft-qaz mühəndisliyi,Ə,355,595
AZ,I,Azərbaycan Dövlət Neft və Sənaye Universiteti,114258, Neft-qaz mühəndisliyi,Q,258, - 
AZ,I,Azərbaycan Dövlət Neft və Sənaye Universiteti,114274, Neft-qaz mühəndisliyi (tədris ingilis dilində),Ə,604,604
AZ,I,Azərbaycan Dövlət Neft və Sənaye Universiteti,114282, Neft-qaz qurğuları mühəndisliyi,Ə,324,522
AZ,I,Azərbaycan Dövlət Neft və Sənaye Universiteti,114299, Neft-qaz qurğuları mühəndisliyi,Q,217, - 
AZ,I,Azərbaycan Dövlət Neft və Sənaye Universiteti,114322, Elektroenergetika mühəndisliyi,Ə,452,452
AZ,I,Azərbaycan Dövlət Neft və Sənaye Universiteti,114347, Elektroenergetika mühəndisliyi (tədris ingilis dilində),Ə,367,431
AZ,I,Azərbaycan Dövlət Neft və Sənaye Universiteti,114355, İstilik energetikası mühəndisliyi,Ə,281,360
AZ,I,Azərbaycan Dövlət Neft və Sənaye Universiteti,114363, Enerji maşınqayırması mühəndisliyi,Ə,349,349
AZ,I,Azərbaycan Dövlət Neft və Sənaye Universiteti,114388, Cihazqayırma mühəndisliyi,Ə,265,402
AZ,I,Azərbaycan Dövlət Neft və Sənaye Universiteti,114411, Cihazqayırma mühəndisliyi (tədris ingilis dilində),Ə,200,402
AZ,I,Azərbaycan Dövlət Neft və Sənaye Universiteti,114428, Texnoloji maşın və avadanlıqlar mühəndisliyi,Ə,374,374
AZ,I,Azərbaycan Dövlət Neft və Sənaye Universiteti,114436, Texnoloji maşın və avadanlıqlar mühəndisliyi,Q,200,349
AZ,I,Azərbaycan Dövlət Neft və Sənaye Universiteti,114452, Elektrik mühəndisliyi,Ə,413,413
AZ,I,Azərbaycan Dövlət Neft və Sənaye Universiteti,114477," Elektronika, telekommunikasiya və radiotexnika mühəndisliyi",Ə,485,485
AZ,I,Azərbaycan Dövlət Neft və Sənaye Universiteti,114493," Elektronika, telekommunikasiya və radiotexnika mühəndisliyi (tədris ingilis dilində)",Ə,484,484
AZ,I,Azərbaycan Dövlət Neft və Sənaye Universiteti,114517, Proseslərin avtomatlaşdırılması mühəndisliyi,Ə,530,530
AZ,I,Azərbaycan Dövlət Neft və Sənaye Universiteti,114533, Proseslərin avtomatlaşdırılması mühəndisliyi (tədris ingilis dilində),Ə,594,594
AZ,I,Azərbaycan Dövlət Neft və Sənaye Universiteti,114541, Mexatronika və robototexnika mühəndisliyi,Ə,200, - 
AZ,I,Azərbaycan Dövlət Neft və Sənaye Universiteti,114558, Mexatronika və robototexnika mühəndisliyi (tədris ingilis dilində),Ə,554,554
AZ,I,Azərbaycan Dövlət Neft və Sənaye Universiteti,114566, Mexanika mühəndisliyi,Ə,292,443
AZ,I,Azərbaycan Dövlət Neft və Sənaye Universiteti,114574, Kompüter mühəndisliyi,Ə,546,546
AZ,I,Azərbaycan Dövlət Neft və Sənaye Universiteti,114582, Kompüter mühəndisliyi,Q,245,548
AZ,I,Azərbaycan Dövlət Neft və Sənaye Universiteti,114614, Kompüter mühəndisliyi (tədris ingilis dilində),Ə,600,600
AZ,I,Azərbaycan Dövlət Neft və Sənaye Universiteti,114622, Kimya mühəndisliyi,Ə,272,551
AZ,I,Azərbaycan Dövlət Neft və Sənaye Universiteti,114647, Kimya mühəndisliyi (tədris ingilis dilində),Ə,584,584
AZ,I,Azərbaycan Dövlət Neft və Sənaye Universiteti,114655, Təkrar emal və bərpa texnologiyaları mühəndisliyi,Ə,269,329
AZ,I,Azərbaycan Dövlət Neft və Sənaye Universiteti,114663," Metrologiya, standartlaşdırma və sertifikasiya mühəndisliyi",Ə,242,439
AZ,I,Azərbaycan Dövlət Neft və Sənaye Universiteti,114688," Metrologiya, standartlaşdırma və sertifikasiya mühəndisliyi (tədris ingilis dilində)",Ə,200,440
AZ,I,Azərbaycan Dövlət Neft və Sənaye Universiteti,114696, Biotibbi texnologiya mühəndisliyi,Ə,437,437
AZ,I,Azərbaycan Dövlət Neft və Sənaye Universiteti,114728, Biotibbi texnologiya mühəndisliyi (tədris ingilis dilində),Ə,200,417
AZ,I,Azərbaycan Dövlət Neft və Sənaye Universiteti,114736, Ekologiya mühəndisliyi,Ə,372,372
AZ,I,Azərbaycan Dövlət Neft və Sənaye Universiteti,114752, Ekologiya mühəndisliyi (tədris ingilis dilində),Ə,200,338
AZ,I,Azərbaycan Dövlət Neft və Sənaye Universiteti,114769, Fövqəladə hallar və həyat fəaliyyətinin təhlükəsizliyi mühəndisliyi,Ə,453,453
AZ,I,Azərbaycan Dövlət Neft və Sənaye Universiteti,114777, İnformasiya texnologiyaları,Ə,546,546
AZ,I,Azərbaycan Dövlət Neft və Sənaye Universiteti,114793, İnformasiya texnologiyaları (tədris ingilis dilində),Ə,588,588
AZ,I,Azərbaycan Dövlət Neft və Sənaye Universiteti,114817, Sistem mühəndisliyi,Ə,247,559
AZ,I,Azərbaycan Dövlət Neft və Sənaye Universiteti,114825, Sistem mühəndisliyi (tədris ingilis dilində),Ə,617,617
AZ,I,Azərbaycan Dövlət Neft və Sənaye Universiteti,114833, Sistem mühəndisliyi (tədris ingilis dilində),Ə,629,629
AZ,I,Azərbaycan Dövlət Neft və Sənaye Universiteti,116112, Silah və silah sistemlərinin istehsal texnologiyası,Ə,494,494
AZ,I,Azərbaycan Dövlət Neft və Sənaye Universiteti,116137, Optotexnika,Ə,345,345
AZ,I,Azərbaycan Dövlət Neft və Sənaye Universiteti,116145, Pirotexniki vasitələrin texnologiyası,Ə,326,326
AZ,I,Azərbaycan Dövlət Neft və Sənaye Universiteti,116153," Çoxkanallı radiorele və troposfer rabitəsinin yerüstü aparatlarının hazırlanması, istismarı və təmiri",Ə,360,360
AZ,I,Azərbaycan Dövlət Neft və Sənaye Universiteti,116161, Kompozisiya materiallarından müdafiə təyinatlı məmulatların layihələndirilməsi və istehsalı,Ə,314,314
AZ,I,Azərbaycan Dövlət Neft və Sənaye Universiteti,116178, İnformasiya təhlükəsizliyi,Ə,471,471
AZ,I,Azərbaycan Dövlət Neft və Sənaye Universiteti,116186, Kompüter elmləri,Ə,300, - 
AZ,I,Azərbaycan Dövlət Neft və Sənaye Universiteti,116194, Materialşünaslıq mühəndisliyi,Ə,200,320
AZ,I,Azərbaycan Dövlət Neft və Sənaye Universiteti,116218, Dağ-mədən mühəndisliyi,Ə,218,347
AZ,I,Azərbaycan Dövlət Neft və Sənaye Universiteti,116226, Elektroenergetika mühəndisliyi,Ə,241,402
AZ,I,Azərbaycan Dövlət Neft və Sənaye Universiteti,116234, İstilik energetikası mühəndisliyi,Ə,230,360
AZ,I,Azərbaycan Dövlət Neft və Sənaye Universiteti,116242, İstilik energetikası mühəndisliyi,Q,200, - 
AZ,I,Azərbaycan Dövlət Neft və Sənaye Universiteti,116259, Enerji maşınqayırması mühəndisliyi,Ə,212,347
AZ,I,Azərbaycan Dövlət Neft və Sənaye Universiteti,116267, Metallurgiya mühəndisliyi,Ə,213,306
AZ,I,Azərbaycan Dövlət Neft və Sənaye Universiteti,116283, Maşın mühəndisliyi,Ə,312,312
AZ,I,Azərbaycan Dövlət Neft və Sənaye Universiteti,116291, Maşın mühəndisliyi,Q,200, - 
AZ,I,Azərbaycan Dövlət Neft və Sənaye Universiteti,116323, Dəmiryol nəqliyyatı və təsərrüfatı mühəndisliyi,Ə,244,325
AZ,I,Azərbaycan Dövlət Neft və Sənaye Universiteti,116331, Yerüstü nəqliyyat vasitələrinin mühəndisliyi,Ə,254,338
AZ,I,Azərbaycan Dövlət Neft və Sənaye Universiteti,116348, Yerüstü nəqliyyat vasitələrinin mühəndisliyi,Q,200,339
AZ,I,Azərbaycan Dövlət Neft və Sənaye Universiteti,116356, Nəqliyyatda daşınmaların və idarəetmənin təşkili mühəndisliyi,Ə,291,360
AZ,I,Azərbaycan Dövlət Neft və Sənaye Universiteti,116372, Cihazqayırma mühəndisliyi,Ə,214, - 
AZ,I,Azərbaycan Dövlət Neft və Sənaye Universiteti,116389, Texnoloji maşın və avadanlıqlar mühəndisliyi,Ə,210,352
AZ,I,Azərbaycan Dövlət Neft və Sənaye Universiteti,116397, Elektrik mühəndisliyi,Ə,236,375
AZ,I,Azərbaycan Dövlət Neft və Sənaye Universiteti,116412, Elektrik mühəndisliyi,Q,200,392
AZ,I,Azərbaycan Dövlət Neft və Sənaye Universiteti,116429," Elektronika, telekommunikasiya və radiotexnika mühəndisliyi",Ə,250,402
AZ,I,Azərbaycan Dövlət Neft və Sənaye Universiteti,116437," Elektronika, telekommunikasiya və radiotexnika mühəndisliyi",Q,250, - 
AZ,I,Azərbaycan Dövlət Neft və Sənaye Universiteti,116461, Proseslərin avtomatlaşdırılması mühəndisliyi,Ə,248,517
AZ,I,Azərbaycan Dövlət Neft və Sənaye Universiteti,116478, Proseslərin avtomatlaşdırılması mühəndisliyi,Q,200, - 
AZ,I,Azərbaycan Dövlət Neft və Sənaye Universiteti,116494, Mexanika mühəndisliyi,Ə,230,445
AZ,I,Azərbaycan Dövlət Neft və Sənaye Universiteti,116518, Kompüter mühəndisliyi,Ə,277,538
AZ,I,Azərbaycan Dövlət Neft və Sənaye Universiteti,116526, Kompüter mühəndisliyi,Q,214, - 
AZ,I,Azərbaycan Dövlət Neft və Sənaye Universiteti,116542, Poliqrafiya mühəndisliyi,Ə,223,317
AZ,I,Azərbaycan Dövlət Neft və Sənaye Universiteti,116559, Təkrar emal və bərpa texnologiyaları mühəndisliyi,Ə,202,329
AZ,I,Azərbaycan Dövlət Neft və Sənaye Universiteti,116567," Metrologiya, standartlaşdırma və sertifikasiya mühəndisliyi",Ə,241, - 
AZ,I,Azərbaycan Dövlət Neft və Sənaye Universiteti,116583, Biotibbi texnologiya mühəndisliyi,Ə,241,414
AZ,I,Azərbaycan Dövlət Neft və Sənaye Universiteti,116591, Biotibbi texnologiya mühəndisliyi,Q,200, - 
AZ,I,Azərbaycan Dövlət Neft və Sənaye Universiteti,116615, Ekologiya mühəndisliyi,Ə,263,336
AZ,I,Azərbaycan Dövlət Neft və Sənaye Universiteti,116623, Fövqəladə hallar və həyat fəaliyyətinin təhlükəsizliyi mühəndisliyi,Ə,266,445
AZ,I,Azərbaycan Dövlət Neft və Sənaye Universiteti,116631, İnformasiya texnologiyaları,Ə,270,512
AZ,I,Azərbaycan Dövlət Neft və Sənaye Universiteti,116648, İnformasiya texnologiyaları,Q,250, - 
AZ,I,Azərbaycan Dövlət Neft və Sənaye Universiteti,116664, Sistem mühəndisliyi,Ə,248, - 
AZ,I,Azərbaycan Memarlıq və İnşaat Universiteti,118113, Materialşünaslıq mühəndisliyi,Ə,217,322
AZ,I,Azərbaycan Memarlıq və İnşaat Universiteti,118121, Neft-qaz qurğuları mühəndisliyi,Ə,254, - 
AZ,I,Azərbaycan Memarlıq və İnşaat Universiteti,118138, Yerüstü nəqliyyat vasitələrinin mühəndisliyiƏ 246 (340),,246,340
AZ,I,Azərbaycan Memarlıq və İnşaat Universiteti,118146, Texnoloji maşın və avadanlıqlar mühəndisliyiƏ 211 (350),,211,350
AZ,I,Azərbaycan Memarlıq və İnşaat Universiteti,118154, Elektrik mühəndisliyi,Ə,258,375
AZ,I,Azərbaycan Memarlıq və İnşaat Universiteti,118162, Proseslərin avtomatlaşdırılması mühəndisliyi,Ə,242, - 
AZ,I,Azərbaycan Memarlıq və İnşaat Universiteti,118179, Mexanika mühəndisliyi,Ə,234, - 
AZ,I,Azərbaycan Memarlıq və İnşaat Universiteti,118187, İnşaat mühəndisliyi,Ə,255,411
AZ,I,Azərbaycan Memarlıq və İnşaat Universiteti,118195, İnşaat mühəndisliyi,Q,250, - 
AZ,I,Azərbaycan Memarlıq və İnşaat Universiteti,118227, İnşaat mühəndisliyi (tədris ingilis dilində),Ə,465,465
AZ,I,Azərbaycan Memarlıq və İnşaat Universiteti,118235, Mühəndis sistemlərinin və qurğularının tikintisi mühəndisliyi,Ə,218,331
AZ,I,Azərbaycan Memarlıq və İnşaat Universiteti,118243, Mühəndis sistemlərinin və qurğularının tikintisi mühəndisliyi,Q,200, - 
AZ,I,Azərbaycan Memarlıq və İnşaat Universiteti,118268, Nəqliyyat tikintisi mühəndisliyi,Ə,250,337
AZ,I,Azərbaycan Memarlıq və İnşaat Universiteti,118276, Nəqliyyat tikintisi mühəndisliyi,Q,250, - 
AZ,I,Azərbaycan Memarlıq və İnşaat Universiteti,118292, Meliorasiya və su təsərrüfatı tikintisi mühəndisliyi,Ə,236,311
AZ,I,Azərbaycan Memarlıq və İnşaat Universiteti,118316, Meliorasiya və su təsərrüfatı tikintisi mühəndisliyi,Q,200,351
AZ,I,Azərbaycan Memarlıq və İnşaat Universiteti,118332, Tikinti materialları və məmulatlarının texnologiyası mühəndisliyi,Ə,211,318
AZ,I,Azərbaycan Memarlıq və İnşaat Universiteti,118349, Geodeziya və xəritəçilik mühəndisliyi,Ə,219,322
AZ,I,Azərbaycan Memarlıq və İnşaat Universiteti,118357," Metrologiya, standartlaşdırma və sertifikasiya mühəndisliyi",Ə,234, - 
AZ,I,Azərbaycan Memarlıq və İnşaat Universiteti,118365, Ekologiya mühəndisliyi,Ə,226,336
AZ,I,Azərbaycan Memarlıq və İnşaat Universiteti,118381, Ekologiya mühəndisliyi (tədris ingilis dilində),Ə,200, - 
AZ,I,Azərbaycan Memarlıq və İnşaat Universiteti,118398, Fövqəladə hallar və həyat fəaliyyətinin təhlükəsizliyi mühəndisliyi,Ə,255,445
AZ,I,Azərbaycan Memarlıq və İnşaat Universiteti,118413, İnformasiya texnologiyaları,Ə,268,513
AZ,I,Azərbaycan Memarlıq və İnşaat Universiteti,118438, İnformasiya texnologiyaları (tədris ingilis dilində),Ə,250,513
AZ,I,Azərbaycan Memarlıq və İnşaat Universiteti,118446," Yer quruluşu, torpaq və şəhər kadastrı",Ə,322,322
AZ,I,Azərbaycan Memarlıq və İnşaat Universiteti,*118454, Memarlıq,Ə,200,329
AZ,I,Azərbaycan Memarlıq və İnşaat Universiteti,*118479, Memarlıq (tədris ingilis dilində),Ə,378,378
AZ,I,Azərbaycan Memarlıq və İnşaat Universiteti,118584, Şəhərsalma,Ə,332,332
AZ,I,Azərbaycan Memarlıq və İnşaat Universiteti,122114, Fizika müəllimliyi,Ə,367,426
AZ,I,Azərbaycan Memarlıq və İnşaat Universiteti,122139, Riyaziyyat və informatika müəllimliyi,Ə,476,476
AZ,I,Azərbaycan Memarlıq və İnşaat Universiteti,122155, Riyaziyyat müəllimliyi,Ə,433,433
AZ,I,Azərbaycan Memarlıq və İnşaat Universiteti,122163, Texnologiya müəllimliyi,Ə,258,330
AZ,I,Azərbaycan Memarlıq və İnşaat Universiteti,122171, İnformatika müəllimliyi,Ə,278,379
AZ,I,Azərbaycan Memarlıq və İnşaat Universiteti,122463, Riyaziyyat və informatika müəllimliyi (Şamaxı filialı),Ə,252,438
AZ,I,Azərbaycan Memarlıq və İnşaat Universiteti,122528, Riyaziyyat və informatika müəllimliyi (Şəki filialı),Ə,305,429
AZ,I,Azərbaycan Memarlıq və İnşaat Universiteti,122617, Riyaziyyat və informatika müəllimliyi (Ağcabədi filialı),Ə,237,479
AZ,I,Azərbaycan Memarlıq və İnşaat Universiteti,122714, Riyaziyyat və informatika müəllimliyi (Quba filialı),Ə,335,428
AZ,I,Azərbaycan Dövlət İqtisad Universiteti,123119, Texnoloji maşın və avadanlıqlar mühəndisliyi,Ə,289,348
AZ,I,Azərbaycan Dövlət İqtisad Universiteti,123135, Qida məhsulları mühəndisliyi,Ə,374,374
AZ,I,Azərbaycan Dövlət İqtisad Universiteti,123143, Qida məhsulları mühəndisliyi,Q,200,364
AZ,I,Azərbaycan Dövlət İqtisad Universiteti,123168, Çoxişlənən malların texnologiyası mühəndisliyi,Ə,348,360
AZ,I,Azərbaycan Dövlət İqtisad Universiteti,123176, Çoxişlənən malların texnologiyası mühəndisliyi,Q,200,368
AZ,I,Azərbaycan Dövlət İqtisad Universiteti,123184, İstehlak mallarının ekspertizası və marketinqi,Ə,280,398
AZ,I,Azərbaycan Dövlət İqtisad Universiteti,123192, İstehlak mallarının ekspertizası və marketinqi,Q,209,416
AZ,I,Azərbaycan Dövlət İqtisad Universiteti,123232," Metrologiya, standartlaşdırma və sertifikasiya mühəndisliyi",Ə,205,438
AZ,I,Azərbaycan Dövlət İqtisad Universiteti,123249," Metrologiya, standartlaşdırma və sertifikasiya mühəndisliyi",Q,200, - 
AZ,I,Azərbaycan Dövlət İqtisad Universiteti,123265, İnformasiya texnologiyaları,Ə,520,520
AZ,I,Azərbaycan Dövlət İqtisad Universiteti,123281, Sistem mühəndisliyi,Ə,252, - 
AZ,I,Bakı Mühəndislik Universiteti,128117, Elektroenergetika mühəndisliyi,Ə,200,421
AZ,I,Bakı Mühəndislik Universiteti,128125, Maşın mühəndisliyi,Ə,200,323
AZ,I,Bakı Mühəndislik Universiteti,128133, Proseslərin avtomatlaşdırılması mühəndisliyi,Ə,210,520
AZ,I,Bakı Mühəndislik Universiteti,128141, Mexanika mühəndisliyi,Ə,200,474
AZ,I,Bakı Mühəndislik Universiteti,128158, Mexanika mühəndisliyi (tədris ingilis dilində),Ə,557,557
AZ,I,Bakı Mühəndislik Universiteti,128166, Kompüter mühəndisliyi,Ə,545,545
AZ,I,Bakı Mühəndislik Universiteti,128174, Kompüter mühəndisliyi (tədris ingilis dilində),Ə,638,638
AZ,I,Bakı Mühəndislik Universiteti,128182, İnşaat mühəndisliyi,Ə,250,429
AZ,I,Bakı Mühəndislik Universiteti,128199, İnşaat mühəndisliyi (tədris ingilis dilində),Ə,250,420
AZ,I,Bakı Mühəndislik Universiteti,128214, Mühəndis sistemlərinin və qurğularının tikintisi mühəndisliyi,Ə,200,330
AZ,I,Bakı Mühəndislik Universiteti,128222, Kimya mühəndisliyi,Ə,200,579
AZ,I,Bakı Mühəndislik Universiteti,128239, Kimya mühəndisliyi (tədris ingilis dilində),Ə,447,549
AZ,I,Bakı Mühəndislik Universiteti,128247, Ekologiya mühəndisliyi,Ə,200,336
AZ,I,Bakı Mühəndislik Universiteti,128255, Ekologiya mühəndisliyi (tədris ingilis dilində),Ə,200, - 
AZ,I,Bakı Mühəndislik Universiteti,128263, İnformasiya texnologiyaları,Ə,390,512
AZ,I,Bakı Mühəndislik Universiteti,128271, İnformasiya texnologiyaları (tədris ingilis dilində),Ə,618,618
AZ,I,Bakı Mühəndislik Universiteti,128288, Sistem mühəndisliyi,Ə,218,621
AZ,I,Bakı Mühəndislik Universiteti,128296, Sənaye mühəndisliyi,Ə,200,370
AZ,I,Bakı Mühəndislik Universiteti,128311, Sənaye mühəndisliyi (tədris ingilis dilində),Ə,200,370
AZ,I,Bakı Mühəndislik Universiteti,128328, Logistika və nəqliyyat texnologiyaları mühəndisliyi,Ə,224,272
AZ,I,Bakı Mühəndislik Universiteti,128344, Şəhərsalma,Ə,200,325
AZ,I,Bakı Mühəndislik Universiteti,128369, Memarlıq,Ə,200,367
AZ,I,Bakı Mühəndislik Universiteti,128377, Memarlıq (tədris ingilis dilində),Ə,200,372
AZ,I,Azərbaycan Respublikası Prezidenti yanında Dövlət İdarəçilik Akademiyası,129113, Kompüter elmləri,Ə,642,642
AZ,I,"""ADA"" Universiteti",131113, Kompüter elmləri (tədris ingilis dilində),Ə,377,
AZ,I,"""ADA"" Universiteti",131121, Kompüter mühəndisliyi (tədris ingilis dilində),Ə,231,
AZ,I,"""ADA"" Universiteti",131138, İnformasiya texnologiyaları (tədris ingilis dilində),Ə,322,
AZ,I,Azərbaycan Dövlət Rəssamlıq Akademiyası,*135115, Memarlıq,Ə,200, - 
AZ,I,Azərbaycan Turizm və Menecment Universiteti,136111, Qida məhsulları mühəndisliyi,Ə,353,353
AZ,I,Milli Aviasiya Akademiyası,138112, Elektroenergetika mühəndisliyi,Ə,329,407
AZ,I,Milli Aviasiya Akademiyası,138129, Avianəqliyyat istehsalatının təşkili mühəndisliyi,Ə,317,418
AZ,I,Milli Aviasiya Akademiyası,138137, Aviasiya texnikası avadanlıqlarının istismarı mühəndisliyi,Ə,466,466
AZ,I,Milli Aviasiya Akademiyası,138145, Aviasiya texnikası avadanlıqlarının istismarı mühəndisliyi,Q,216, - 
AZ,I,Milli Aviasiya Akademiyası,138161, Hava nəqliyyatının hərəkətinin idarə olunması mühəndisliyi,Ə,347,347
AZ,I,Milli Aviasiya Akademiyası,138186, Uçuş mühəndisliyi,Ə,336,363
AZ,I,Milli Aviasiya Akademiyası,138218, Hava nəqliyyatında texnoloji proseslərin və istehsalatın təhlükəsizliyi mühəndisliyi,Ə,333,426
AZ,I,Milli Aviasiya Akademiyası,138234, Cihazqayırma mühəndisliyi,Ə,369,402
AZ,I,Milli Aviasiya Akademiyası,138242," Elektronika, telekommunikasiya və radiotexnika mühəndisliyi",Ə,487,487
AZ,I,Milli Aviasiya Akademiyası,138267, Proseslərin avtomatlaşdırılması mühəndisliyi,Ə,200,599
AZ,I,Milli Aviasiya Akademiyası,138275, Kompüter mühəndisliyi,Ə,539,539
AZ,I,Milli Aviasiya Akademiyası,138291, Ekologiya mühəndisliyi,Ə,386,386
AZ,I,Milli Aviasiya Akademiyası,138323, Kosmik texnika mühəndisliyi,Ə,334,400
AZ,I,Milli Aviasiya Akademiyası,138331, İnformasiya texnologiyaları,Ə,513,513
AZ,I,Milli Aviasiya Akademiyası,138348, Sistem mühəndisliyi,Ə,265, - 
AZ,I,Azərbaycan Dövlət Dəniz Akademiyası,139117, Gəmiqayırma və gəmi təmiri mühəndisliyi,Ə,347,395
AZ,I,Azərbaycan Dövlət Dəniz Akademiyası,139133, Gəmi energetik qurğularının istismarı mühəndisliyi,Ə,339,379
AZ,I,Azərbaycan Dövlət Dəniz Akademiyası,139158, Dəniz naviqasiyası mühəndisliyi,Ə,354,453
AZ,I,Azərbaycan Dövlət Dəniz Akademiyası,139174, Elektrik mühəndisliyi,Ə,291,378
AZ,I,Bakı Ali Neft Məktəbi,141117, Neft-qaz mühəndisliyi (tədris ingilis dilində),Ə,663,663
AZ,I,Bakı Ali Neft Məktəbi,141125, Proseslərin avtomatlaşdırılması mühəndisliyi (tədris ingilis dilində),Ə,685,685
AZ,I,Bakı Ali Neft Məktəbi,141133, Kimya mühəndisliyi (tədris ingilis dilində),Ə,662,662
AZ,I,Naxçıvan Dövlət Universiteti,142113, Fizika müəllimliyi,Ə,290,429
AZ,I,Naxçıvan Dövlət Universiteti,142121, Riyaziyyat və informatika müəllimliyi,Ə,442,442
AZ,I,Naxçıvan Dövlət Universiteti,142138, Riyaziyyat müəllimliyi,Ə,330,405
AZ,I,Naxçıvan Dövlət Universiteti,142146, Texnologiya müəllimliyi,Ə,196,339
AZ,I,Naxçıvan Dövlət Universiteti,142154, Elektroenergetika mühəndisliyi,Ə,202,402
AZ,I,Naxçıvan Dövlət Universiteti,142162, Dəmiryol nəqliyyatı və təsərrüfatı mühəndisliyi,Ə,200,337
AZ,I,Naxçıvan Dövlət Universiteti,142179, Yerüstü nəqliyyat vasitələrinin mühəndisliyi,Ə,204,338
AZ,I,Naxçıvan Dövlət Universiteti,142187, Yerüstü nəqliyyat vasitələrinin mühəndisliyi,Q,200, - 
AZ,I,Naxçıvan Dövlət Universiteti,142195, Meliorasiya və su təsərrüfatı tikintisi mühəndisliyi,Ə,193,318
AZ,I,Naxçıvan Dövlət Universiteti,142219, Geodeziya və xəritəçilik mühəndisliyi,Ə,200,401
AZ,I,Naxçıvan Dövlət Universiteti,142227, Ekologiya mühəndisliyi,Ə,200,358
AZ,I,Naxçıvan Dövlət Universiteti,142235, İnformasiya texnologiyaları,Ə,277,523
AZ,I,Naxçıvan Dövlət Universiteti,142243, Torpaqşünaslıq və aqrokimya,Ə,236,236
AZ,I,Naxçıvan Dövlət Universiteti,*142251, Memarlıq,Ə,100, - 
AZ,I,Naxçıvan Müəllimlər İnstitutu,143118, Riyaziyyat və informatika müəllimliyi,Ə,214,429
AZ,I,Azərbaycan Dövlət Aqrar Universiteti (Gəncə ş.),144114, Maşın mühəndisliyi,Ə,200,308
AZ,I,Azərbaycan Dövlət Aqrar Universiteti (Gəncə ş.),144122, Yerüstü nəqliyyat vasitələrinin mühəndisliyi,Ə,205,338
AZ,I,Azərbaycan Dövlət Aqrar Universiteti (Gəncə ş.),144139, Yerüstü nəqliyyat vasitələrinin mühəndisliyi,Q,200, - 
AZ,I,Azərbaycan Dövlət Aqrar Universiteti (Gəncə ş.),144147, Elektrik mühəndisliyi,Ə,200,385
AZ,I,Azərbaycan Dövlət Aqrar Universiteti (Gəncə ş.),144155, Elektrik mühəndisliyi,Q,200, - 
AZ,I,Azərbaycan Dövlət Aqrar Universiteti (Gəncə ş.),144163, Proseslərin avtomatlaşdırılması mühəndisliyi,Ə,200, - 
AZ,I,Azərbaycan Dövlət Aqrar Universiteti (Gəncə ş.),144171, Meliorasiya və su təsərrüfatı tikintisi mühəndisliyi,Ə,294,294
AZ,I,Azərbaycan Dövlət Aqrar Universiteti (Gəncə ş.),144188, Meliorasiya və su təsərrüfatı tikintisi mühəndisliyi,Q,232,232
AZ,I,Azərbaycan Dövlət Aqrar Universiteti (Gəncə ş.),144196, Qida məhsulları mühəndisliyi,Ə,200,365
AZ,I,Azərbaycan Dövlət Aqrar Universiteti (Gəncə ş.),144211, İstehlak mallarının ekspertizası və marketinqi,Ə,198, - 
AZ,I,Azərbaycan Dövlət Aqrar Universiteti (Gəncə ş.),144236," Metrologiya, standartlaşdırma və sertifikasiya mühəndisliyi",Ə,200,469
AZ,I,Azərbaycan Dövlət Aqrar Universiteti (Gəncə ş.),144244, İnformasiya texnologiyaları,Ə,250, - 
AZ,I,Azərbaycan Dövlət Aqrar Universiteti (Gəncə ş.),144252, Torpaqşünaslıq və aqrokimya,Ə,254,254
AZ,I,Azərbaycan Dövlət Aqrar Universiteti (Gəncə ş.),144269, Torpaqşünaslıq və aqrokimya,Q,206,206
AZ,I,Azərbaycan Dövlət Aqrar Universiteti (Gəncə ş.),144277, Aqronomluq,Ə,236,236
AZ,I,Azərbaycan Dövlət Aqrar Universiteti (Gəncə ş.),144285, Aqronomluq,Q,194,194
AZ,I,Azərbaycan Dövlət Aqrar Universiteti (Gəncə ş.),144317, Aqronomluq (tədris ingilis dilində),Ə,150,153
AZ,I,Azərbaycan Dövlət Aqrar Universiteti (Gəncə ş.),144325, Zootexniklik,Ə,201,201
AZ,I,Azərbaycan Dövlət Aqrar Universiteti (Gəncə ş.),144333, Zootexniklik,Q,188,188
AZ,I,Azərbaycan Dövlət Aqrar Universiteti (Gəncə ş.),144341," Yer quruluşu, torpaq və şəhər kadastrı",Ə,200,307
AZ,I,Azərbaycan Dövlət Aqrar Universiteti (Gəncə ş.),144358, Aqromühəndislik,Ə,238,238
AZ,I,Azərbaycan Dövlət Aqrar Universiteti (Gəncə ş.),144366, Aqromühəndislik,Q,192,192
AZ,I,Azərbaycan Dövlət Aqrar Universiteti (Gəncə ş.),144382, Balıqçılıq və balıqçılıq təsərrüfatı işi,Ə,194,194
AZ,I,Azərbaycan Dövlət Aqrar Universiteti (Gəncə ş.),144399, Meşəçilik,Ə,206,206
AZ,I,Gəncə Dövlət Universiteti,145119, Fizika müəllimliyi,Ə,237,436
AZ,I,Gəncə Dövlət Universiteti,145127, Riyaziyyat və informatika müəllimliyi,Ə,339,430
AZ,I,Gəncə Dövlət Universiteti,145143, Riyaziyyat müəllimliyi,Ə,233,407
AZ,I,Gəncə Dövlət Universiteti,145151, Texnologiya müəllimliyi,Ə,199,331
AZ,I,Gəncə Dövlət Universiteti,145168, İnformatika müəllimliyi,Ə,204,380
AZ,I,Gəncə Dövlət Universiteti,145176, Kompüter elmləri,Ə,300, - 
AZ,I,Gəncə Dövlət Universiteti,145184, Ekologiya mühəndisliyi,Ə,200,336
AZ,I,Gəncə Dövlət Universiteti,147111, Metallurgiya mühəndisliyi,Ə,200,316
AZ,I,Gəncə Dövlət Universiteti,147128, Maşın mühəndisliyi,Ə,200, - 
AZ,I,Gəncə Dövlət Universiteti,147136, Nəqliyyatda daşınmaların və idarəetmənin təşkili mühəndisliyi,Ə,199,393
AZ,I,Gəncə Dövlət Universiteti,147144, Nəqliyyatda daşınmaların və idarəetmənin təşkili mühəndisliyi,Q,192, - 
AZ,I,Gəncə Dövlət Universiteti,147152, Texnoloji maşın və avadanlıqlar mühəndisliyi (yeyinti sənayesi üzrə),Ə,200, - 
AZ,I,Gəncə Dövlət Universiteti,147169," Elektronika, telekommunikasiya və radiotexnika mühəndisliyi",Ə,250,404
AZ,I,Gəncə Dövlət Universiteti,147177, Proseslərin avtomatlaşdırılması mühəndisliyi,Ə,200, - 
AZ,I,Gəncə Dövlət Universiteti,147185, Kompüter mühəndisliyi,Ə,202, - 
AZ,I,Gəncə Dövlət Universiteti,147217, Kimya mühəndisliyi,Ə,200, - 
AZ,I,Gəncə Dövlət Universiteti,147225, Qida məhsulları mühəndisliyi,Ə,200,367
AZ,I,Gəncə Dövlət Universiteti,147233, Çoxişlənən malların texnologiyası mühəndisliyi,Ə,195, - 
AZ,I,Gəncə Dövlət Universiteti,147241, İstehlak mallarının ekspertizası və marketinqi,Ə,196, - 
AZ,I,Gəncə Dövlət Universiteti,147258," Metrologiya, standartlaşdırma və sertifikasiya mühəndisliyi",Ə,200, - 
AZ,I,Gəncə Dövlət Universiteti,147266, Ekologiya mühəndisliyi,Ə,200,355
AZ,I,Gəncə Dövlət Universiteti,147274, İnformasiya texnologiyaları,Ə,250, - 
AZ,I,Sumqayıt Dövlət Universiteti,148116, Fizika müəllimliyi,Ə,262, - 
AZ,I,Sumqayıt Dövlət Universiteti,148124, Riyaziyyat və informatika müəllimliyi,Ə,301,428
AZ,I,Sumqayıt Dövlət Universiteti,148132, Riyaziyyat müəllimliyi,Ə,265,407
AZ,I,Sumqayıt Dövlət Universiteti,148149, Riyaziyyat,Ə,250, - 
AZ,I,Sumqayıt Dövlət Universiteti,148157, Fizika,Ə,250, - 
AZ,I,Sumqayıt Dövlət Universiteti,148165, Neft-qaz mühəndisliyi,Ə,222, - 
AZ,I,Sumqayıt Dövlət Universiteti,148173, Neft-qaz mühəndisliyi,Q,200, - 
AZ,I,Sumqayıt Dövlət Universiteti,148181, Elektroenergetika mühəndisliyi,Ə,201, - 
AZ,I,Sumqayıt Dövlət Universiteti,148198, Elektroenergetika mühəndisliyi,Q,200, - 
AZ,I,Sumqayıt Dövlət Universiteti,148213, İstilik energetikası mühəndisliyi,Ə,200, - 
AZ,I,Sumqayıt Dövlət Universiteti,148221, İstilik energetikası mühəndisliyi,Q,200, - 
AZ,I,Sumqayıt Dövlət Universiteti,148238, Enerji maşınqayırması mühəndisliyi,Ə,200, - 
AZ,I,Sumqayıt Dövlət Universiteti,148246, Elektrik mühəndisliyi,Ə,205,379
AZ,I,Sumqayıt Dövlət Universiteti,148254, Elektrik mühəndisliyi,Q,200, - 
AZ,I,Sumqayıt Dövlət Universiteti,148279, Proseslərin avtomatlaşdırılması mühəndisliyi,Ə,202, - 
AZ,I,Sumqayıt Dövlət Universiteti,148287, Proseslərin avtomatlaşdırılması mühəndisliyi,Q,200, - 
AZ,I,Sumqayıt Dövlət Universiteti,148295, Kompüter mühəndisliyi,Ə,244, - 
AZ,I,Sumqayıt Dövlət Universiteti,148319, Kompüter mühəndisliyi,Q,200, - 
AZ,I,Sumqayıt Dövlət Universiteti,148335, Kimya mühəndisliyi,Ə,203, - 
AZ,I,Sumqayıt Dövlət Universiteti,148343, Kimya mühəndisliyi,Q,200, - 
AZ,I,Sumqayıt Dövlət Universiteti,148368," Metrologiya, standartlaşdırma və sertifikasiya mühəndisliyi",Ə,200, - 
AZ,I,Sumqayıt Dövlət Universiteti,148376, Ekologiya mühəndisliyi,Ə,200,338
AZ,I,Sumqayıt Dövlət Universiteti,148384, Ekologiya mühəndisliyi,Q,200, - 
AZ,I,Sumqayıt Dövlət Universiteti,148392, İnformasiya texnologiyaları,Ə,250, - 
AZ,I,Mingəçevir Dövlət Universiteti,149112, Riyaziyyat və informatika müəllimliyi,Ə,308,428
AZ,I,Mingəçevir Dövlət Universiteti,149129, Riyaziyyat müəllimliyi,Ə,282,416
AZ,I,Mingəçevir Dövlət Universiteti,149137, Elektroenergetika mühəndisliyi,Ə,200,444
AZ,I,Mingəçevir Dövlət Universiteti,149145, İstilik energetikası mühəndisliyi,Ə,200,364
AZ,I,Mingəçevir Dövlət Universiteti,149153, İstilik energetikası mühəndisliyi,Q,200, - 
AZ,I,Mingəçevir Dövlət Universiteti,149161, Yerüstü nəqliyyat vasitələrinin mühəndisliyi,Ə,200,348
AZ,I,Mingəçevir Dövlət Universiteti,149178, Yerüstü nəqliyyat vasitələrinin mühəndisliyi,Q,200, - 
AZ,I,Mingəçevir Dövlət Universiteti,149186, Ekologiya mühəndisliyi,Ə,200,344
AZ,I,Mingəçevir Dövlət Universiteti,149194, İnformasiya texnologiyaları,Ə,250, - 
AZ,I,Lənkəran Dövlət Universiteti,151112, Riyaziyyat və informatika müəllimliyi,Ə,261,438
AZ,I,Lənkəran Dövlət Universiteti,151129, Kompüter mühəndisliyi,Ə,234, - 
AZ,I,Lənkəran Dövlət Universiteti,151137, Qida məhsulları mühəndisliyi,Ə,200,359
AZ,I,Lənkəran Dövlət Universiteti,151145, Torpaqşünaslıq və aqrokimya,Ə,193,256
AZ,I,Lənkəran Dövlət Universiteti,151153, Aqronomluq,Ə,190,252
AZ,I,Lənkəran Dövlət Universiteti,151161, Aqronomluq,Q,188, - 
AZ,I,Lənkəran Dövlət Universiteti,151178, Meşəçilik,Ə,187,273
AZ,I,Azərbaycan Kooperasiya Universiteti,152117, Riyaziyyat,Ə,250,
AZ,I,Azərbaycan Kooperasiya Universiteti,152125, Qida məhsulları mühəndisliyi,Ə,200, - 
AZ,I,Azərbaycan Kooperasiya Universiteti,152133, Çoxişlənən malların texnologiyası mühəndisliyi,Ə,193,
AZ,I,Azərbaycan Kooperasiya Universiteti,152141, İstehlak mallarının ekspertizası və marketinqi,Ə,194,
AZ,I,Azərbaycan Kooperasiya Universiteti,152158," Metrologiya, standartlaşdırma və sertifikasiya mühəndisliyi",Ə,200,
AZ,I,"""Azərbaycan"" Universiteti",155114, Riyaziyyat,Ə,250, - 
AZ,I,"""Azərbaycan"" Universiteti",155122, Kompüter elmləri,Ə,300, - 
AZ,I,"""Azərbaycan"" Universiteti",155139, Kompüter mühəndisliyi,Ə,200, - 
AZ,I,Qərb Universiteti,157115, Cihazqayırma mühəndisliyi,Ə,200, - 
AZ,I,Qərb Universiteti,157123," Elektronika, telekommunikasiya və radiotexnika mühəndisliyi",Ə,250, - 
AZ,I,Qərb Universiteti,157131, Mexatronika və robototexnika mühəndisliyi,Ə,200, - 
AZ,I,Qərb Universiteti,157148, Mexanika mühəndisliyi,Ə,200, - 
AZ,I,Qərb Universiteti,157156, Kompüter mühəndisliyi,Ə,202, - 
AZ,I,Qərb Universiteti,157164, Mühəndis sistemlərinin və qurğularının tikintisi mühəndisliyi,Ə,200, - 
AZ,I,Qərb Universiteti,157172, Meşə materiallarının və ağac emalının texnologiyası mühəndisliyi,Ə,194,269
AZ,I,Qərb Universiteti,157189, İstehlak mallarının ekspertizası və marketinqi,Ə,196, - 
AZ,I,Qərb Universiteti,157197, Poliqrafiya mühəndisliyi,Ə,195, - 
AZ,I,Qərb Universiteti,157212, Təkrar emal və bərpa texnologiyaları mühəndisliyi,Ə,200, - 
AZ,I,Qərb Universiteti,157229, Ekologiya mühəndisliyi,Ə,200, - 
AZ,I,Qərb Universiteti,157237, İnformasiya texnologiyaları,Ə,250, - 
AZ,I,Qərb Universiteti,157245, Sistem mühəndisliyi,Ə,200, - 
AZ,I,Qərb Universiteti,157253," Yer quruluşu, torpaq və şəhər kadastrı",Ə,200, - 
AZ,I,Qərb Universiteti,157529, Meşəçilik,Ə,191, - 
AZ,I,Qərb Universiteti,157553, Memarlıq,Ə,200,
AZ,I,Xəzər Universiteti,158111, Fizika müəllimliyi,Ə,200,428
AZ,I,Xəzər Universiteti,158128, Riyaziyyat və informatika müəllimliyi,Ə,200,435
AZ,I,Xəzər Universiteti,158136, Kompüter elmləri (tədris ingilis dilində),Ə,562,562
AZ,I,Xəzər Universiteti,158144, Neft-qaz mühəndisliyi (tədris ingilis dilində),Ə,200,631
AZ,I,Xəzər Universiteti,158152," Elektronika, telekommunikasiya və radiotexnika mühəndisliyi (tədris ingilis dilində)",Ə,250,405
AZ,I,Xəzər Universiteti,158169, Mexanika mühəndisliyi (tədris ingilis dilində),Ə,200,460
AZ,I,Xəzər Universiteti,158177, Kompüter mühəndisliyi (tədris ingilis dilində),Ə,200,541
AZ,I,Xəzər Universiteti,158185, İnşaat mühəndisliyi,Ə,250,435
AZ,I,Xəzər Universiteti,158193, Kimya mühəndisliyi (tədris ingilis dilində),Ə,200,564
AZ,I,Bakı Qızlar Universiteti,163117, Riyaziyyat və informatika müəllimliyi,Ə,200, - 
AZ,I,"""Odlar Yurdu"" Universiteti",164113, Kompüter mühəndisliyi,Ə,200, - 
AZ,I,"""Odlar Yurdu"" Universiteti",164138, Ekologiya mühəndisliyi,Ə,200, - 
AZ,I,"""Naxçıvan"" Universiteti (Naxçıvan şəhəri)",168115, Riyaziyyat və informatika müəllimliyi,Ə,200, - 
AZ,I,"""Naxçıvan"" Universiteti (Naxçıvan şəhəri)",168123, İnformatika müəllimliyi,Ə,200, - 
AZ,II,Bakı Dövlət Universiteti,111511, Coğrafiya müəllimliyi,Ə,431,459
AZ,II,Bakı Dövlət Universiteti,111536, Sosiologiya,Ə,426,439
AZ,II,Bakı Dövlət Universiteti,111552, Sosiologiya (tədris ingilis dilində),Ə,441,441
AZ,II,Bakı Dövlət Universiteti,111569, Regionşünaslıq (Qafqaz üzrə),Ə,200,471
AZ,II,Bakı Dövlət Universiteti,111577, Regionşünaslıq (Amerika üzrə),Ə,359,464
AZ,II,Bakı Dövlət Universiteti,111585, Regionşünaslıq (ərəb ölkələri üzrə),Ə,200, - 
AZ,II,Bakı Dövlət Universiteti,111593, Regionşünaslıq (İran üzrə),Ə,200, - 
AZ,II,Bakı Dövlət Universiteti,111617, Regionşünaslıq (Türkiyə üzrə),Ə,305,463
AZ,II,Bakı Dövlət Universiteti,111625, Regionşünaslıq (Yaponiya üzrə),Ə,200,540
AZ,II,Bakı Dövlət Universiteti,111633, Regionşünaslıq (İsrail üzrə),Ə,268, - 
AZ,II,Bakı Dövlət Universiteti,111641, Regionşünaslıq (Pakistan üzrə),Ə,200, - 
AZ,II,Bakı Dövlət Universiteti,111658, Regionşünaslıq (Koreya üzrə),Ə,300,475
AZ,II,Bakı Dövlət Universiteti,111739, Beynəlxalq münasibətlər,Ə,254,581
AZ,II,Bakı Dövlət Universiteti,111747, Beynəlxalq münasibətlər,Q,235, - 
AZ,II,Bakı Dövlət Universiteti,111771, Beynəlxalq münasibətlər (tədris ingilis dilində),Ə,200,586
AZ,II,Bakı Dövlət Universiteti,111788, Dünya iqtisadiyyatı,Ə,322,585
AZ,II,Bakı Dövlət Universiteti,111796, Dünya iqtisadiyyatı,Q,257, - 
AZ,II,Bakı Dövlət Universiteti,111836, Dünya iqtisadiyyatı (tədris ingilis dilində),Ə,240,600
AZ,II,Bakı Dövlət Universiteti,111844, İqtisadiyyat,Ə,299,558
AZ,II,Bakı Dövlət Universiteti,111852, İqtisadiyyat,Q,271, - 
AZ,II,Bakı Dövlət Universiteti,111877, İqtisadiyyat (tədris ingilis dilində),Ə,500,560
AZ,II,Bakı Dövlət Universiteti,111885, Menecment,Ə,329,538
AZ,II,Bakı Dövlət Universiteti,111917, Coğrafiya,Ə,342,440
AZ,II,Bakı Dövlət Universiteti,111925, Coğrafiya,Q,278,447
AZ,II,Bakı Dövlət Universiteti,111958, Hidrometeorologiya,Ə,330,442
AZ,II,Bakı Dövlət Universiteti,111966, Turizm və otelçilik,Ə,477,477
AZ,II,Bakı Dövlət Universiteti,111974, Turizm və otelçilik (tədris ingilis dilində),Ə,521,521
AZ,II,Bakı Dövlət Universiteti,112792, Tarix və coğrafiya müəllimliyi (Qazax filialı),Ə,269,463
AZ,II,Bakı Dövlət Universiteti,112816, Coğrafiya müəllimliyi (Qazax filialı),Ə,224, - 
AZ,II,Bakı Dövlət Universiteti,112824, Turizm və otelçilik (Qazax filialı),Ə,193,376
AZ,II,Bakı Dövlət Universiteti,112832, Turizm və otelçilik (Qazax filialı),Q,183, - 
AZ,II,Azərbaycan Dövlət Neft və Sənaye Universiteti,114841, İqtisadiyyat (tədris ingilis dilində),Ə,422,560
AZ,II,Azərbaycan Dövlət Neft və Sənaye Universiteti,114858, Sənayenin təşkili və idarə olunması,Ə,497,497
AZ,II,Azərbaycan Dövlət Neft və Sənaye Universiteti,114866, Sənayenin təşkili və idarə olunması,Q,213, - 
AZ,II,Azərbaycan Dövlət Neft və Sənaye Universiteti,114882, Sənayenin təşkili və idarə olunması (tədris ingilis dilində),Ə,527,527
AZ,II,Azərbaycan Dövlət Neft və Sənaye Universiteti,114899, Menecment (tədris ingilis dilində),Ə,309,538
AZ,II,Azərbaycan Dövlət Neft və Sənaye Universiteti,114914, Marketinq (tədris ingilis dilində),Ə,393,524
AZ,II,Azərbaycan Dövlət Neft və Sənaye Universiteti,114922, Biznesin idarə edilməsi,Ə,367,622
AZ,II,Azərbaycan Dövlət Neft və Sənaye Universiteti,114939, Biznesin idarə edilməsi,Q,200, - 
AZ,II,Azərbaycan Dövlət Neft və Sənaye Universiteti,114955, Biznesin idarə edilməsi (tədris ingilis dilində),Ə,409,581
AZ,II,Azərbaycan Texniki Universiteti,116672, Sənayenin təşkili və idarə olunması,Ə,320,472
AZ,II,Azərbaycan Texniki Universiteti,116689, Sənayenin təşkili və idarə olunması,Q,244, - 
AZ,II,Azərbaycan Texniki Universiteti,116712, Menecment,Ə,340, - 
AZ,II,Azərbaycan Texniki Universiteti,116729, Nəqliyyat servisi (avtomobil nəqliyyatı üzrə),Ə,335,449
AZ,II,Azərbaycan Memarlıq və İnşaat Universiteti,118487, Sənayenin təşkili və idarə olunması,Ə,309,476
AZ,II,Azərbaycan Memarlıq və İnşaat Universiteti,118519, Sənayenin təşkili və idarə olunması (tədris ingilis dilində),Ə,200,473
AZ,II,Azərbaycan Memarlıq və İnşaat Universiteti,118527, Menecment,Ə,302, - 
AZ,II,Azərbaycan Memarlıq və İnşaat Universiteti,118543, Marketinq,Ə,294, - 
AZ,II,Azərbaycan Memarlıq və İnşaat Universiteti,118551, Biznesin idarə edilməsi,Ə,303, - 
AZ,II,Azərbaycan Dövlət Pedaqoji Universiteti,122188, Tarix və coğrafiya müəllimliyi,Ə,447,447
AZ,II,Azərbaycan Dövlət Pedaqoji Universiteti,122196, Coğrafiya müəllimliyi,Ə,353,462
AZ,II,Azərbaycan Dövlət Pedaqoji Universiteti,122471, Tarix və coğrafiya müəllimliyi (Şamaxı filialı),Ə,270,465
AZ,II,Azərbaycan Dövlət Pedaqoji Universiteti,122536, Tarix və coğrafiya müəllimliyi (Şəki filialı),Ə,269,438
AZ,II,Azərbaycan Dövlət Pedaqoji Universiteti,122625, Tarix və coğrafiya müəllimliyi (Ağcabədi filialı),Ə,248, - 
AZ,II,Azərbaycan Dövlət Pedaqoji Universiteti,122666, Tarix və coğrafiya müəllimliyi (Cəlilabad filialı),Ə,237,435
AZ,II,Azərbaycan Dövlət Pedaqoji Universiteti,122722, Tarix və coğrafiya müəllimliyi (Quba filialı),Ə,309,435
AZ,II,Azərbaycan Dövlət İqtisad Universiteti,123313, Beynəlxalq münasibətlər (tədris türk dilində),Ə,317,596
AZ,II,Azərbaycan Dövlət İqtisad Universiteti,123321, Dünya iqtisadiyyatı,Ə,347,577
AZ,II,Azərbaycan Dövlət İqtisad Universiteti,123338, Dünya iqtisadiyyatı,Q,254, - 
AZ,II,Azərbaycan Dövlət İqtisad Universiteti,123354, Dünya iqtisadiyyatı (tədris ingilis dilində),Ə,613,613
AZ,II,Azərbaycan Dövlət İqtisad Universiteti,123362, Mühasibat uçotu və audit,Ə,461,586
AZ,II,Azərbaycan Dövlət İqtisad Universiteti,123379, Mühasibat uçotu və audit,Q,291, - 
AZ,II,Azərbaycan Dövlət İqtisad Universiteti,123419, Mühasibat uçotu və audit (tədris ingilis dilində),Ə,641,641
AZ,II,Azərbaycan Dövlət İqtisad Universiteti,123427, Maliyyə,Ə,433,632
AZ,II,Azərbaycan Dövlət İqtisad Universiteti,123435, Maliyyə,Q,285, - 
AZ,II,Azərbaycan Dövlət İqtisad Universiteti,123468, Maliyyə (tədris ingilis dilində),Ə,658,658
AZ,II,Azərbaycan Dövlət İqtisad Universiteti,123476, Maliyyə (tədris türk dilində),Ə,407, - 
AZ,II,Azərbaycan Dövlət İqtisad Universiteti,123484, İqtisadiyyat,Ə,368,556
AZ,II,Azərbaycan Dövlət İqtisad Universiteti,123492, İqtisadiyyat,Q,269,558
AZ,II,Azərbaycan Dövlət İqtisad Universiteti,123532, İqtisadiyyat (tədris ingilis dilində),Ə,609,609
AZ,II,Azərbaycan Dövlət İqtisad Universiteti,123549, İqtisadiyyat (tədris türk dilində),Ə,342,562
AZ,II,Azərbaycan Dövlət İqtisad Universiteti,123557, Sənayenin təşkili və idarə olunması,Ə,519,519
AZ,II,Azərbaycan Dövlət İqtisad Universiteti,123565, Sənayenin təşkili və idarə olunması,Q,269, - 
AZ,II,Azərbaycan Dövlət İqtisad Universiteti,123598, Statistika,Ə,366,504
AZ,II,Azərbaycan Dövlət İqtisad Universiteti,123613, Statistika,Q,245, - 
AZ,II,Azərbaycan Dövlət İqtisad Universiteti,123621, Menecment,Ə,374,538
AZ,II,Azərbaycan Dövlət İqtisad Universiteti,123638, Menecment,Q,246, - 
AZ,II,Azərbaycan Dövlət İqtisad Universiteti,123654, Marketinq,Ə,427,523
AZ,II,Azərbaycan Dövlət İqtisad Universiteti,123662, Marketinq,Q,239, - 
AZ,II,Azərbaycan Dövlət İqtisad Universiteti,123687, Biznesin idarə edilməsi,Ə,359,575
AZ,II,Azərbaycan Dövlət İqtisad Universiteti,123695, Biznesin idarə edilməsi,Q,254, - 
AZ,II,Azərbaycan Dövlət İqtisad Universiteti,123727, Biznesin idarə edilməsi (tədris ingilis dilində),Ə,609,609
AZ,II,Azərbaycan Dövlət İqtisad Universiteti,123735, Biznesin idarə edilməsi (tədris türk dilində),Ə,319,576
AZ,II,Azərbaycan Dövlət İqtisad Universiteti,123743, Dövlət və bələdiyyə idarəetməsi,Ə,540,540
AZ,II,Azərbaycan Dövlət İqtisad Universiteti,123751, Kommersiya,Ə,344,510
AZ,II,Azərbaycan Dövlət İqtisad Universiteti,123768, Kommersiya,Q,233, - 
AZ,II,Azərbaycan Dövlət İqtisad Universiteti,123824, Mühasibat uçotu və audit (Zaqatala filialı),Ə,200, - 
AZ,II,Azərbaycan Dövlət İqtisad Universiteti,123832, Mühasibat uçotu və audit (Zaqatala filialı),Q,200, - 
AZ,II,Azərbaycan Dövlət İqtisad Universiteti,123849, Maliyyə (Zaqatala filialı),Ə,200, - 
AZ,II,Azərbaycan Dövlət İqtisad Universiteti,123857, Maliyyə (Zaqatala filialı),Q,200, - 
AZ,II,Azərbaycan Dövlət İqtisad Universiteti,123865, İqtisadiyyat (Zaqatala filialı),Ə,200, - 
AZ,II,Azərbaycan Dövlət İqtisad Universiteti,123873, İqtisadiyyat (Zaqatala filialı),Q,200, - 
AZ,II,Azərbaycan Dövlət İqtisad Universiteti,123881, Biznesin idarə edilməsi (Zaqatala filialı),Ə,200, - 
AZ,II,Azərbaycan Dövlət İqtisad Universiteti,123898, Biznesin idarə edilməsi (Zaqatala filialı),Q,200, - 
AZ,II,Azərbaycan Dövlət İqtisad Universiteti,123913, Turizm və otelçilik (Zaqatala filialı),Ə,190,312
AZ,II,Azərbaycan Dövlət İqtisad Universiteti,123921, Turizm və otelçilik (Zaqatala filialı),Q,187,402
AZ,II,Azərbaycan Dillər Universiteti,126116, Regionşünaslıq (Böyük Britaniya üzrə),Ə,200,467
AZ,II,Azərbaycan Dillər Universiteti,126124, Regionşünaslıq (Almaniya üzrə),Ə,414, - 
AZ,II,Azərbaycan Dillər Universiteti,126132, Regionşünaslıq (Fransa üzrə),Ə,405, - 
AZ,II,Azərbaycan Dillər Universiteti,126149, Regionşünaslıq (Amerika üzrə),Ə,271,478
AZ,II,Azərbaycan Dillər Universiteti,126157, Regionşünaslıq (Qafqaz üzrə),Ə,314, - 
AZ,II,Azərbaycan Dillər Universiteti,126165, Regionşünaslıq (İsrail və Yaxın Şərq üzrə),Ə,288, - 
AZ,II,Azərbaycan Dillər Universiteti,126173, Regionşünaslıq (Cənub Şərqi Asiya və İndoneziya üzrə),Ə,267, - 
AZ,II,Azərbaycan Dillər Universiteti,126181, Regionşünaslıq (Yaponiya üzrə),Ə,333,484
AZ,II,Azərbaycan Dillər Universiteti,126198, Regionşünaslıq (ərəb ölkələri üzrə),Ə,362, - 
AZ,II,Azərbaycan Dillər Universiteti,126213, Regionşünaslıq (Çin üzrə),Ə,293,530
AZ,II,Azərbaycan Dillər Universiteti,126221, Regionşünaslıq (Argentina üzrə),Ə,273, - 
AZ,II,Azərbaycan Dillər Universiteti,126238, Regionşünaslıq (Mərkəzi və Şərqi Avropa üzrə),Ə,361, - 
AZ,II,Azərbaycan Dillər Universiteti,126246, Regionşünaslıq (Norveç üzrə),Ə,200,468
AZ,II,Azərbaycan Dillər Universiteti,126279, Beynəlxalq münasibətlər,Ə,401, - 
AZ,II,Bakı Slavyan Universiteti,127112, Regionşünaslıq (Rusiya üzrə),Ə,278, - 
AZ,II,Bakı Slavyan Universiteti,127129, Regionşünaslıq (Ukrayna üzrə),Ə,240, - 
AZ,II,Bakı Slavyan Universiteti,127137, Regionşünaslıq (Çexiya üzrə),Ə,243, - 
AZ,II,Bakı Slavyan Universiteti,127145, Regionşünaslıq (Azərbaycan üzrə),Ə,276, - 
AZ,II,Bakı Slavyan Universiteti,127153, Regionşünaslıq (Türkiyə üzrə),Ə,281, - 
AZ,II,Bakı Slavyan Universiteti,127178, Beynəlxalq münasibətlər,Ə,359, - 
AZ,II,Bakı Mühəndislik Universiteti,128385, Dünya iqtisadiyyatı,Ə,273, - 
AZ,II,Bakı Mühəndislik Universiteti,128393, Dünya iqtisadiyyatı (tədris ingilis dilində),Ə,200,604
AZ,II,Bakı Mühəndislik Universiteti,128417, Mühasibat uçotu və audit,Ə,308, - 
AZ,II,Bakı Mühəndislik Universiteti,128425, Mühasibat uçotu və audit (tədris ingilis dilində),Ə,200,609
AZ,II,Bakı Mühəndislik Universiteti,128433, Maliyyə,Ə,298, - 
AZ,II,Bakı Mühəndislik Universiteti,128441, Maliyyə (tədris ingilis dilində),Ə,200,632
AZ,II,Bakı Mühəndislik Universiteti,128458, Sənayenin təşkili və idarə olunması,Ə,287,479
AZ,II,Bakı Mühəndislik Universiteti,128466, Sənayenin təşkili və idarə olunması (tədris ingilis dilində),Ə,200,486
AZ,II,Bakı Mühəndislik Universiteti,128474, Biznesin idarə edilməsi,Ə,272, - 
AZ,II,Bakı Mühəndislik Universiteti,128482, Biznesin idarə edilməsi (tədris ingilis dilində),Ə,200,578
AZ,II,Bakı Mühəndislik Universiteti,128499, Dövlət və bələdiyyə idarəetməsi,Ə,278,459
AZ,II,Bakı Mühəndislik Universiteti,128514, Dövlət və bələdiyyə idarəetməsi (tədris ingilis dilində),Ə,200,479
AZ,II,Azərbaycan Respublikası Prezidenti yanında Dövlət İdarəçilik Akademiyası,129138, Beynəlxalq münasibətlər,Ə,619,619
AZ,II,Azərbaycan Respublikası Prezidenti yanında Dövlət İdarəçilik Akademiyası,129154, İqtisadiyyat,Ə,637,637
AZ,II,Azərbaycan Respublikası Prezidenti yanında Dövlət İdarəçilik Akademiyası,129179, Menecment,Ə,559,559
AZ,II,Azərbaycan Respublikası Prezidenti yanında Dövlət İdarəçilik Akademiyası,129195, Dövlət və bələdiyyə idarəetməsi,Ə,558,558
AZ,II,Azərbaycan Respublikası Prezidenti yanında Dövlət İdarəçilik Akademiyası,129227, Davamlı inkişafın idarə edilməsi,Ə,494,507
AZ,II,"""ADA"" Universiteti",131146, Beynəlxalq münasibətlər (tədris ingilis dilində),Ə,200,
AZ,II,"""ADA"" Universiteti",131154, İqtisadiyyat (tədris ingilis dilində),Ə,200,
AZ,II,"""ADA"" Universiteti",131162, Biznesin idarə edilməsi (tədris ingilis dilində),Ə,500,
AZ,II,Azərbaycan Dövlət Mədəniyyət və İncəsənət Universiteti,134119, Sosiologiya,Ə,280,444
AZ,II,Azərbaycan Turizm və Menecment Universiteti,136128, Regionşünaslıq (Qafqaz üzrə),Ə,239, - 
AZ,II,Azərbaycan Turizm və Menecment Universiteti,136136, Beynəlxalq münasibətlər,Ə,292, - 
AZ,II,Azərbaycan Turizm və Menecment Universiteti,136144, Maliyyə,Ə,315, - 
AZ,II,Azərbaycan Turizm və Menecment Universiteti,136152, Menecment,Ə,286,553
AZ,II,Azərbaycan Turizm və Menecment Universiteti,136177, Menecment (tədris ingilis dilində),Ə,281,538
AZ,II,Azərbaycan Turizm və Menecment Universiteti,136185, Marketinq,Ə,285, - 
AZ,II,Azərbaycan Turizm və Menecment Universiteti,136193, Biznesin idarə edilməsi,Ə,306, - 
AZ,II,Azərbaycan Turizm və Menecment Universiteti,136217, Turizm və otelçilik,Ə,419,419
AZ,II,Azərbaycan Turizm və Menecment Universiteti,136233, Turizm və otelçilik (tədris ingilis dilində),Ə,466,466
AZ,II,Azərbaycan Turizm və Menecment Universiteti,136241, Nəqliyyat servisi (sərnişin daşınmaları nəqliyyatı üzrə),Ə,282,457
AZ,II,Bakı Xoreoqrafiya Akademiyası,136517, Menecment (prodüser),Ə,206, - 
AZ,II,Bakı Xoreoqrafiya Akademiyası,136525, Menecment (prodüser),Q,200, - 
AZ,II,Azərbaycan Dövlət Bədən Tərbiyəsi və İdman Akademiyası,137116, İdman menecmenti və kommunikasiya,Ə,218,358
AZ,II,Milli Aviasiya Akademiyası,138364, Menecment,Ə,345,557
AZ,II,Milli Aviasiya Akademiyası,138372, Hidrometeorologiya,Ə,451,451
AZ,II,Azərbaycan Respublikası Dövlət Gömrük Komitəsinin Akademiyası,141514, İqtisadiyyat,Ə,498,556
AZ,II,Naxçıvan Dövlət Universiteti,142268, Coğrafiya müəllimliyi,Ə,289,459
AZ,II,Naxçıvan Dövlət Universiteti,142276, Beynəlxalq münasibətlər,Ə,200, - 
AZ,II,Naxçıvan Dövlət Universiteti,142284, Dünya iqtisadiyyatı,Ə,317,585
AZ,II,Naxçıvan Dövlət Universiteti,142292, Mühasibat uçotu və audit,Ə,360,593
AZ,II,Naxçıvan Dövlət Universiteti,142316, Mühasibat uçotu və audit,Q,203, - 
AZ,II,Naxçıvan Dövlət Universiteti,142324, İqtisadiyyat,Ə,386,559
AZ,II,Naxçıvan Dövlət Universiteti,142332, İqtisadiyyat,Q,226, - 
AZ,II,Naxçıvan Dövlət Universiteti,142349, Menecment,Ə,281,543
AZ,II,Naxçıvan Dövlət Universiteti,142357, Dövlət və bələdiyyə idarəetməsi,Ə,278,455
AZ,II,Naxçıvan Dövlət Universiteti,142365, Turizm və otelçilik,Ə,275,311
AZ,II,Azərbaycan Dövlət Aqrar Universiteti (Gəncə ş.),144414, Mühasibat uçotu və audit,Ə,349,603
AZ,II,Azərbaycan Dövlət Aqrar Universiteti (Gəncə ş.),144422, Mühasibat uçotu və audit,Q,208, - 
AZ,II,Azərbaycan Dövlət Aqrar Universiteti (Gəncə ş.),144439, Maliyyə,Ə,291, - 
AZ,II,Azərbaycan Dövlət Aqrar Universiteti (Gəncə ş.),144447, Maliyyə,Q,200, - 
AZ,II,Azərbaycan Dövlət Aqrar Universiteti (Gəncə ş.),144455, İqtisadiyyat,Ə,288, - 
AZ,II,Azərbaycan Dövlət Aqrar Universiteti (Gəncə ş.),144463, İqtisadiyyat,Q,200, - 
AZ,II,Azərbaycan Dövlət Aqrar Universiteti (Gəncə ş.),144488, İqtisadiyyat (tədris ingilis dilində),Ə,200,576
AZ,II,Azərbaycan Dövlət Aqrar Universiteti (Gəncə ş.),144496, Menecment (alman proqramı),Ə,224,538
AZ,II,Azərbaycan Dövlət Aqrar Universiteti (Gəncə ş.),144511, Marketinq,Ə,223, - 
AZ,II,Azərbaycan Dövlət Aqrar Universiteti (Gəncə ş.),144528, Marketinq,Q,195, - 
AZ,II,Azərbaycan Dövlət Aqrar Universiteti (Gəncə ş.),144536, Biznesin idarə edilməsi,Ə,231, - 
AZ,II,Gəncə Dövlət Universiteti,145192, Tarix və coğrafiya müəllimliyi,Ə,311,435
AZ,II,Gəncə Dövlət Universiteti,145216, Coğrafiya müəllimliyi,Ə,293,474
AZ,II,Gəncə Dövlət Universiteti,145224, Mühasibat uçotu və audit,Ə,268, - 
AZ,II,Gəncə Dövlət Universiteti,145232, Mühasibat uçotu və audit,Q,200, - 
AZ,II,Gəncə Dövlət Universiteti,145249, Maliyyə,Ə,221, - 
AZ,II,Gəncə Dövlət Universiteti,145257, İqtisadiyyat,Ə,260, - 
AZ,II,Gəncə Dövlət Universiteti,145265, İqtisadiyyat,Q,200, - 
AZ,II,Gəncə Dövlət Universiteti,145273, Menecment,Ə,219, - 
AZ,II,Gəncə Dövlət Universiteti,145298, Biznesin idarə edilməsi,Ə,225, - 
AZ,II,Gəncə Dövlət Universiteti,145313, Dövlət və bələdiyyə idarəetməsi,Ə,227,456
AZ,II,Gəncə Dövlət Universiteti,145321, Turizm və otelçilik,Ə,334,334
AZ,II,Gəncə Dövlət Universiteti,145338, Turizm və otelçilik,Q,191, - 
AZ,II,Azərbaycan Texnologiya Universiteti (Gəncə ş.),147282, Mühasibat uçotu və audit,Ə,230, - 
AZ,II,Azərbaycan Texnologiya Universiteti (Gəncə ş.),147299, Mühasibat uçotu və audit,Q,200, - 
AZ,II,Azərbaycan Texnologiya Universiteti (Gəncə ş.),147322, Sənayenin təşkili və idarə olunması,Ə,206,488
AZ,II,Azərbaycan Texnologiya Universiteti (Gəncə ş.),147339, Sənayenin təşkili və idarə olunması,Q,200, - 
AZ,II,Azərbaycan Texnologiya Universiteti (Gəncə ş.),147347, Menecment,Ə,200, - 
AZ,II,Azərbaycan Texnologiya Universiteti (Gəncə ş.),147355, Menecment,Q,200, - 
AZ,II,Azərbaycan Texnologiya Universiteti (Gəncə ş.),147363, Marketinq,Ə,197, - 
AZ,II,Azərbaycan Texnologiya Universiteti (Gəncə ş.),147371, Marketinq,Q,189, - 
AZ,II,Azərbaycan Texnologiya Universiteti (Gəncə ş.),147388, Biznesin idarə edilməsi,Ə,200, - 
AZ,II,Azərbaycan Texnologiya Universiteti (Gəncə ş.),147396, Biznesin idarə edilməsi,Q,200, - 
AZ,II,Azərbaycan Texnologiya Universiteti (Gəncə ş.),147411, Dövlət və bələdiyyə idarəetməsi,Ə,200,469
AZ,II,Azərbaycan Texnologiya Universiteti (Gəncə ş.),147428, Dövlət və bələdiyyə idarəetməsi,Q,200, - 
AZ,II,Sumqayıt Dövlət Universiteti,148416, Tarix və coğrafiya müəllimliyi,Ə,324,434
AZ,II,Sumqayıt Dövlət Universiteti,148424, Coğrafiya müəllimliyi,Ə,317, - 
AZ,II,Sumqayıt Dövlət Universiteti,148432, Sosiologiya,Ə,250, - 
AZ,II,Sumqayıt Dövlət Universiteti,148449, Dünya iqtisadiyyatı,Ə,268, - 
AZ,II,Sumqayıt Dövlət Universiteti,148457, Dünya iqtisadiyyatı,Q,222, - 
AZ,II,Sumqayıt Dövlət Universiteti,148465, Mühasibat uçotu və audit,Ə,293, - 
AZ,II,Sumqayıt Dövlət Universiteti,148473, Mühasibat uçotu və audit,Q,241, - 
AZ,II,Sumqayıt Dövlət Universiteti,148481, Maliyyə,Ə,285, - 
AZ,II,Sumqayıt Dövlət Universiteti,148498, İqtisadiyyat,Ə,275, - 
AZ,II,Sumqayıt Dövlət Universiteti,148513, İqtisadiyyat,Q,223, - 
AZ,II,Sumqayıt Dövlət Universiteti,148521, Menecment,Ə,263, - 
AZ,II,Sumqayıt Dövlət Universiteti,148538, Menecment,Q,213, - 
AZ,II,Sumqayıt Dövlət Universiteti,148546, Biznesin idarə edilməsi,Ə,270, - 
AZ,II,Sumqayıt Dövlət Universiteti,148554, Biznesin idarə edilməsi,Q,223, - 
AZ,II,Mingəçevir Dövlət Universiteti,149218, Mühasibat uçotu və audit,Ə,321, - 
AZ,II,Mingəçevir Dövlət Universiteti,149226, Mühasibat uçotu və audit,Q,200, - 
AZ,II,Mingəçevir Dövlət Universiteti,149234, Maliyyə,Ə,279, - 
AZ,II,Mingəçevir Dövlət Universiteti,149242, İqtisadiyyat,Ə,261,581
AZ,II,Mingəçevir Dövlət Universiteti,149259, İqtisadiyyat,Q,200, - 
AZ,II,Mingəçevir Dövlət Universiteti,149267, Sənayenin təşkili və idarə olunması,Ə,221,496
AZ,II,Mingəçevir Dövlət Universiteti,149275, Sənayenin təşkili və idarə olunması,Q,200, - 
AZ,II,Mingəçevir Dövlət Universiteti,149283, Menecment,Ə,200, - 
AZ,II,Mingəçevir Dövlət Universiteti,149291, Marketinq,Ə,196, - 
AZ,II,Mingəçevir Dövlət Universiteti,149315, Biznesin idarə edilməsi,Ə,207, - 
AZ,II,Mingəçevir Dövlət Universiteti,149323, Dövlət və bələdiyyə idarəetməsi,Ə,204, - 
AZ,II,Mingəçevir Dövlət Universiteti,149331, Turizm və otelçilik,Ə,254,308
AZ,II,Lənkəran Dövlət Universiteti,151186, Tarix və coğrafiya müəllimliyi,Ə,322,436
AZ,II,Lənkəran Dövlət Universiteti,151194, Mühasibat uçotu və audit,Ə,202,594
AZ,II,Lənkəran Dövlət Universiteti,151218, Mühasibat uçotu və audit,Q,200, - 
AZ,II,Lənkəran Dövlət Universiteti,151226, Maliyyə,Ə,202, - 
AZ,II,Lənkəran Dövlət Universiteti,151234, Maliyyə,Q,200, - 
AZ,II,Lənkəran Dövlət Universiteti,151242, İqtisadiyyat,Ə,200, - 
AZ,II,Lənkəran Dövlət Universiteti,151259, İqtisadiyyat,Q,200, - 
AZ,II,Lənkəran Dövlət Universiteti,151267, Biznesin idarə edilməsi,Ə,200, - 
AZ,II,Lənkəran Dövlət Universiteti,151275, Biznesin idarə edilməsi,Q,200, - 
AZ,II,Lənkəran Dövlət Universiteti,151283, Turizm və otelçilik,Ə,199,318
AZ,II,Lənkəran Dövlət Universiteti,151291, Turizm və otelçilik,Q,187, - 
AZ,II,Azərbaycan Kooperasiya Universiteti,152166, Dünya iqtisadiyyatı,Q,200,
AZ,II,Azərbaycan Kooperasiya Universiteti,152174, Dünya iqtisadiyyatı,Ə,200,
AZ,II,Azərbaycan Kooperasiya Universiteti,152182, Mühasibat uçotu və audit,Q,200,
AZ,II,Azərbaycan Kooperasiya Universiteti,152199, Mühasibat uçotu və audit,Ə,200,
AZ,II,Azərbaycan Kooperasiya Universiteti,152214, Maliyyə,Q,200,
AZ,II,Azərbaycan Kooperasiya Universiteti,152222, Maliyyə,Ə,200,
AZ,II,Azərbaycan Kooperasiya Universiteti,152239, İqtisadiyyat,Q,200,
AZ,II,Azərbaycan Kooperasiya Universiteti,152247, İqtisadiyyat,Ə,200,
AZ,II,Azərbaycan Kooperasiya Universiteti,152255, Sənayenin təşkili və idarə olunması,Ə,200,
AZ,II,Azərbaycan Kooperasiya Universiteti,152263, Sənayenin təşkili və idarə olunması,Q,200,
AZ,II,Azərbaycan Kooperasiya Universiteti,152271, Menecment,Ə,200,
AZ,II,Azərbaycan Kooperasiya Universiteti,152288, Marketinq,Ə,188,
AZ,II,Azərbaycan Kooperasiya Universiteti,152296, Biznesin idarə edilməsi,Ə,200,
AZ,II,Azərbaycan Kooperasiya Universiteti,152311, Biznesin idarə edilməsi,Q,200,
AZ,II,Azərbaycan Kooperasiya Universiteti,152328, Dövlət və bələdiyyə idarəetməsi,Ə,200, - 
AZ,II,Azərbaycan Kooperasiya Universiteti,152336, Kommersiya,Ə,186,
AZ,II,Azərbaycan Kooperasiya Universiteti,152344, Kommersiya,Q,185,
AZ,II,Azərbaycan Kooperasiya Universiteti,152352, Coğrafiya,Ə,206, - 
AZ,II,Azərbaycan Kooperasiya Universiteti,152369, Turizm və otelçilik,Ə,196,
AZ,II,"""Azərbaycan"" Universiteti",155155, Dünya iqtisadiyyatı,Ə,200, - 
AZ,II,"""Azərbaycan"" Universiteti",155163, Dünya iqtisadiyyatı (tədris ingilis dilində),Ə,200, - 
AZ,II,"""Azərbaycan"" Universiteti",155171, Mühasibat uçotu və audit,Ə,200, - 
AZ,II,"""Azərbaycan"" Universiteti",155188, Mühasibat uçotu və audit (tədris ingilis dilində),Ə,200, - 
AZ,II,"""Azərbaycan"" Universiteti",155196, Maliyyə,Ə,200, - 
AZ,II,"""Azərbaycan"" Universiteti",155211, Maliyyə (tədris ingilis dilində),Ə,200, - 
AZ,II,"""Azərbaycan"" Universiteti",155228, İqtisadiyyat,Ə,200, - 
AZ,II,"""Azərbaycan"" Universiteti",155236, Menecment,Ə,200, - 
AZ,II,"""Azərbaycan"" Universiteti",155244, Marketinq,Ə,194, - 
AZ,II,"""Azərbaycan"" Universiteti",155252, Dövlət və bələdiyyə idarəetməsi,Ə,200, - 
AZ,II,Qərb Universiteti,157261, Regionşünaslıq (Qərbşünaslıq),Ə,198, - 
AZ,II,Qərb Universiteti,157278, Beynəlxalq münasibətlər,Ə,216, - 
AZ,II,Qərb Universiteti,157286, Beynəlxalq münasibətlər,Q,200, - 
AZ,II,Qərb Universiteti,157294, Dünya iqtisadiyyatı,Ə,221, - 
AZ,II,Qərb Universiteti,157318, Mühasibat uçotu və audit,Ə,250, - 
AZ,II,Qərb Universiteti,157326, Maliyyə,Ə,249, - 
AZ,II,Qərb Universiteti,157334, İqtisadiyyat,Ə,229, - 
AZ,II,Qərb Universiteti,157342, İqtisadiyyat,Q,200, - 
AZ,II,Qərb Universiteti,157359, Sənayenin təşkili və idarə olunması,Ə,207, - 
AZ,II,Qərb Universiteti,157367, Menecment,Ə,223, - 
AZ,II,Qərb Universiteti,157375, Biznesin idarə edilməsi,Ə,222, - 
AZ,II,Qərb Universiteti,157383, Dövlət və bələdiyyə idarəetməsi,Ə,200, - 
AZ,II,Qərb Universiteti,157391, Turizm və otelçilik,Ə,276,317
AZ,II,Xəzər Universiteti,158217, Coğrafiya müəllimliyi,Ə,200,477
AZ,II,Xəzər Universiteti,158225," Regionşünaslıq (Amerika, Böyük Britaniya, tədris ingilis dilində)",Ə,181,463
AZ,II,Xəzər Universiteti,158233, Beynəlxalq münasibətlər (tədris ingilis dilində),Ə,200, - 
AZ,II,Xəzər Universiteti,158241, Mühasibat uçotu və audit (tədris ingilis dilində),Ə,200,587
AZ,II,Xəzər Universiteti,158258, Maliyyə (tədris ingilis dilində),Ə,200,643
AZ,II,Xəzər Universiteti,158266, İqtisadiyyat (tədris ingilis dilində),Ə,200,559
AZ,II,Xəzər Universiteti,158274, Menecment (tədris ingilis dilində),Ə,200,541
AZ,II,Xəzər Universiteti,158282, Marketinq (tədris ingilis dilində),Ə,182,546
AZ,II,Xəzər Universiteti,158299, Biznesin idarə edilməsi (tədris ingilis dilində),Ə,200, - 
AZ,II,Xəzər Universiteti,158314, Turizm və otelçilik (tədris ingilis dilində),Ə,356,356
AZ,II,Bakı Avrasiya Universiteti,162112, Regionşünaslıq (ABŞ və Kanada),Ə,186, - 
AZ,II,Bakı Avrasiya Universiteti,162129, Regionşünaslıq (Avropa ölkələri),Ə,185, - 
AZ,II,Bakı Avrasiya Universiteti,162137, Regionşünaslıq (Yaxın və Orta Şərq),Ə,183, - 
AZ,II,Bakı Avrasiya Universiteti,162145, İqtisadiyyat,Ə,214, - 
AZ,II,Bakı Avrasiya Universiteti,162153, İqtisadiyyat,Q,200, - 
AZ,II,Bakı Qızlar Universiteti,163125, Coğrafiya müəllimliyi,Ə,227, - 
AZ,II,"""Odlar Yurdu"" Universiteti",164154, Beynəlxalq münasibətlər,Ə,200, - 
AZ,II,"""Odlar Yurdu"" Universiteti",164179, Dünya iqtisadiyyatı,Ə,200, - 
AZ,II,"""Odlar Yurdu"" Universiteti",164195, Mühasibat uçotu və audit,Ə,200, - 
AZ,II,"""Odlar Yurdu"" Universiteti",164227, Maliyyə,Ə,200, - 
AZ,II,"""Odlar Yurdu"" Universiteti",164243, Menecment,Ə,200, - 
AZ,II,"""Odlar Yurdu"" Universiteti",164268, Marketinq,Ə,191, - 
AZ,II,"""Odlar Yurdu"" Universiteti",164284, Biznesin idarə edilməsi,Ə,200, - 
AZ,II,"""Odlar Yurdu"" Universiteti",164316, Dövlət və bələdiyyə idarəetməsi,Ə,200, - 
AZ,II,"""Odlar Yurdu"" Universiteti",164332, Turizm və otelçilik,Ə,197,344
AZ,II,Bakı Biznes Universiteti,165118, Dünya iqtisadiyyatı,Ə,200, - 
AZ,II,Bakı Biznes Universiteti,165126, Mühasibat uçotu və audit,Ə,203, - 
AZ,II,Bakı Biznes Universiteti,165134, Maliyyə,Ə,200, - 
AZ,II,Bakı Biznes Universiteti,165159, İqtisadiyyat,Ə,200, - 
AZ,II,Bakı Biznes Universiteti,165167, İqtisadiyyat (tədris ingilis dilində),Ə,200, - 
AZ,II,Bakı Biznes Universiteti,165175, Sənayenin təşkili və idarə olunması,Ə,200, - 
AZ,II,Bakı Biznes Universiteti,165183, Menecment,Ə,200, - 
AZ,II,Bakı Biznes Universiteti,165191, Marketinq,Ə,189, - 
AZ,II,Bakı Biznes Universiteti,165215, Biznesin idarə edilməsi,Ə,200, - 
AZ,II,Bakı Biznes Universiteti,165223, Dövlət və bələdiyyə idarəetməsi,Ə,200, - 
AZ,II,"""Naxçıvan"" Universiteti (Naxçıvan şəhəri)",168131, Coğrafiya müəllimliyi,Ə,209, - 
AZ,II,"""Naxçıvan"" Universiteti (Naxçıvan şəhəri)",168148, Beynəlxalq münasibətlər,Ə,200, - 
AZ,II,"""Naxçıvan"" Universiteti (Naxçıvan şəhəri)",168156, Mühasibat uçotu və audit,Ə,200, - 
AZ,II,"""Naxçıvan"" Universiteti (Naxçıvan şəhəri)",168164, Maliyyə,Ə,203, - 
AZ,II,"""Naxçıvan"" Universiteti (Naxçıvan şəhəri)",168172, İqtisadiyyat,Ə,200, - 
AZ,II,"""Naxçıvan"" Universiteti (Naxçıvan şəhəri)",168189, Turizm və otelçilik,Ə,189,393
AZ,II,Azərbaycan Əmək və Sosial Münasibətlər Akademiyası,171111, Mühasibat uçotu və audit,Ə,200, - 
AZ,II,Azərbaycan Əmək və Sosial Münasibətlər Akademiyası,171136, Maliyyə,Ə,200, - 
AZ,II,Azərbaycan Əmək və Sosial Münasibətlər Akademiyası,171152, İqtisadiyyat,Ə,200, - 
AZ,II,Azərbaycan Əmək və Sosial Münasibətlər Akademiyası,171169, Dövlət və bələdiyyə idarəetməsi,Ə,200, - 
AZ,III,Bakı Dövlət Universiteti,111982, Azərbaycan dili və ədəbiyyatı müəllimliyi,Ə,541,541
AZ,III,Bakı Dövlət Universiteti,112119, Tarix müəllimliyi,Ə,536,536
AZ,III,Bakı Dövlət Universiteti,112135, Korreksiyaedici təlim,Ə,309,403
AZ,III,Bakı Dövlət Universiteti,112143, Təhsildə sosial-psixoloji xidmət,Ə,492,492
AZ,III,Bakı Dövlət Universiteti,112168, Filologiya (Azərbaycan dili və ədəbiyyatı),Ə,444,613
AZ,III,Bakı Dövlət Universiteti,112176, Filologiya (Azərbaycan dili və ədəbiyyatı),Q,361, - 
AZ,III,Bakı Dövlət Universiteti,112184, Filologiya (alman dili və ədəbiyyatı),Ə,200, - 
AZ,III,Bakı Dövlət Universiteti,112192, Filologiya (fransız dili və ədəbiyyatı),Ə,200, - 
AZ,III,Bakı Dövlət Universiteti,112216, Filologiya (ərəb dili və ədəbiyyatı),Ə,334,672
AZ,III,Bakı Dövlət Universiteti,112224, Filologiya (fars dili və ədəbiyyatı),Ə,310, - 
AZ,III,Bakı Dövlət Universiteti,112232, Filologiya (türk dili və ədəbiyyatı),Ə,332, - 
AZ,III,Bakı Dövlət Universiteti,112265, Fəlsəfə,Ə,387,488
AZ,III,Bakı Dövlət Universiteti,112273, Tərcümə (fars dili üzrə),Ə,251, - 
AZ,III,Bakı Dövlət Universiteti,112281, Tərcümə (ərəb dili üzrə),Ə,293, - 
AZ,III,Bakı Dövlət Universiteti,112298, Kitabşünaslıq,Ə,316,399
AZ,III,Bakı Dövlət Universiteti,112313, Tarix,Ə,473,567
AZ,III,Bakı Dövlət Universiteti,112321, Tarix,Q,421, - 
AZ,III,Bakı Dövlət Universiteti,112346, Tarix (tədris ingilis dilində),Ə,586,586
AZ,III,Bakı Dövlət Universiteti,112354, Antropologiya,Ə,442,480
AZ,III,Bakı Dövlət Universiteti,112362, Politologiya,Ə,467,632
AZ,III,Bakı Dövlət Universiteti,112387, Hüquqşünaslıq,Ə,568,674
AZ,III,Bakı Dövlət Universiteti,112395, Hüquqşünaslıq,Q,509,676
AZ,III,Bakı Dövlət Universiteti,112435, Hüquqşünaslıq (tədris ingilis dilində),Ə,671,675
AZ,III,Bakı Dövlət Universiteti,112443, Kitabxanaçılıq və informasiya,Ə,296,406
AZ,III,Bakı Dövlət Universiteti,112451, Kitabxanaçılıq və informasiya,Q,295,412
AZ,III,Bakı Dövlət Universiteti,112476, Kitabxanaçılıq və informasiya (tədris ingilis dilində),Ə,200,408
AZ,III,Bakı Dövlət Universiteti,112484, Dövlət və ictimai münasibətlər,Ə,503,667
AZ,III,Bakı Dövlət Universiteti,112492, Sosial iş,Ə,520,520
AZ,III,Bakı Dövlət Universiteti,112516, Jurnalistika,Ə,285,396
AZ,III,Bakı Dövlət Universiteti,112524, Jurnalistika,Q,232, - 
AZ,III,Bakı Dövlət Universiteti,112549, Jurnalistika (tədris ingilis dilində),Ə,410,410
AZ,III,Bakı Dövlət Universiteti,112849, Azərbaycan dili və ədəbiyyatı müəllimliyi (Qazax filialı),Ə,301,517
AZ,III,Bakı Dövlət Universiteti,112857, Tarix müəllimliyi (Qazax filialı),Ə,296, - 
AZ,III,Bakı Dövlət Universiteti,112865, İbtidai sinif müəllimliyi (Qazax filialı),Ə,270,462
AZ,III,Bakı Dövlət Universiteti,112873, Məktəbəqədər təlim və tərbiyə (Qazax filialı),Ə,210,387
AZ,III,Bakı Dövlət Universiteti,112881, Tarix (Qazax filialı),Ə,267, - 
AZ,III,Bakı Dövlət Universiteti,112898, Tarix (Qazax filialı),Q,211, - 
AZ,III,Bakı Dövlət Universiteti,112913, Sosial iş (Qazax filialı),Ə,256, - 
AZ,III,Bakı Dövlət Universiteti,112921, Sosial iş (Qazax filialı),Q,224, - 
AZ,III,Azərbaycan Dövlət Pedaqoji Universiteti,122228, Azərbaycan dili və ədəbiyyatı müəllimliyi,Ə,412,515
AZ,III,Azərbaycan Dövlət Pedaqoji Universiteti,122236, Xarici dil müəllimliyi (fransız dili),Ə,314, - 
AZ,III,Azərbaycan Dövlət Pedaqoji Universiteti,122244, Xarici dil müəllimliyi (ingilis dili),Ə,434, - 
AZ,III,Azərbaycan Dövlət Pedaqoji Universiteti,122252, Tarix müəllimliyi,Ə,408,515
AZ,III,Azərbaycan Dövlət Pedaqoji Universiteti,122277, İbtidai sinif müəllimliyi,Ə,405,427
AZ,III,Azərbaycan Dövlət Pedaqoji Universiteti,122293, Korreksiyaedici təlim,Ə,305,403
AZ,III,Azərbaycan Dövlət Pedaqoji Universiteti,122317, Məktəbəqədər təlim və tərbiyə,Ə,334,387
AZ,III,Azərbaycan Dövlət Pedaqoji Universiteti,122333, Təhsildə sosial-psixoloji xidmət,Ə,333,473
AZ,III,Azərbaycan Dövlət Pedaqoji Universiteti,122358, Sosial iş,Ə,416,513
AZ,III,Azərbaycan Dövlət Pedaqoji Universiteti,122488, Azərbaycan dili və ədəbiyyatı müəllimliyi (Şamaxı filialı),Ə,327, - 
AZ,III,Azərbaycan Dövlət Pedaqoji Universiteti,122496, İbtidai sinif müəllimliyi (Şamaxı filialı),Ə,283, - 
AZ,III,Azərbaycan Dövlət Pedaqoji Universiteti,122511, Məktəbəqədər təlim və tərbiyə (Şamaxı filialı),Ə,238,411
AZ,III,Azərbaycan Dövlət Pedaqoji Universiteti,122544, Azərbaycan dili və ədəbiyyatı müəllimliyi (Şəki filialı),Ə,346,518
AZ,III,Azərbaycan Dövlət Pedaqoji Universiteti,122552," Xarici dil müəllimliyi (ingilis dili, Şəki filialı)",Ə,304, - 
AZ,III,Azərbaycan Dövlət Pedaqoji Universiteti,122569," Xarici dil müəllimliyi (fransız dili, Şəki filialı)",Ə,214, - 
AZ,III,Azərbaycan Dövlət Pedaqoji Universiteti,122577, İbtidai sinif müəllimliyi (Şəki filialı),Ə,290,439
AZ,III,Azərbaycan Dövlət Pedaqoji Universiteti,122585, Məktəbəqədər təlim və tərbiyə (Şəki filialı),,,
AZ,III,Azərbaycan Dövlət Pedaqoji Universiteti,122593, Təhsildə sosial-psixoloji xidmət (Şəki filialı),Ə,273,488
AZ,III,Azərbaycan Dövlət Pedaqoji Universiteti,122633, Azərbaycan dili və ədəbiyyatı müəllimliyi (Ağcabədi filialı),Ə,321,515
AZ,III,Azərbaycan Dövlət Pedaqoji Universiteti,122641, İbtidai sinif müəllimliyi (Ağcabədi filialı),Ə,283, - 
AZ,III,Azərbaycan Dövlət Pedaqoji Universiteti,122658, Məktəbəqədər təlim və tərbiyə (Ağcabədi filialı),Ə,223, - 
AZ,III,Azərbaycan Dövlət Pedaqoji Universiteti,122674, Azərbaycan dili və ədəbiyyatı müəllimliyi (Cəlilabad filialı),Ə,314,515
AZ,III,Azərbaycan Dövlət Pedaqoji Universiteti,122682, İbtidai sinif müəllimliyi (Cəlilabad filialı),Ə,244,439
AZ,III,Azərbaycan Dövlət Pedaqoji Universiteti,122699, Məktəbəqədər təlim və tərbiyə (Cəlilabad filialı),Ə,200, - 
AZ,III,Azərbaycan Dövlət Pedaqoji Universiteti,122739, Azərbaycan dili və ədəbiyyatı müəllimliyi (Quba filialı),Ə,337,527
AZ,III,Azərbaycan Dövlət Pedaqoji Universiteti,122747, İbtidai sinif müəllimliyi (Quba filialı),Ə,274,433
AZ,III,Azərbaycan Dövlət Pedaqoji Universiteti,122755, Məktəbəqədər təlim və tərbiyə (Quba filialı),Ə,226,397
AZ,III,Azərbaycan Dövlət Pedaqoji Universiteti,122763, Təhsildə sosial-psixoloji xidmət (Quba filialı),Ə,248, - 
AZ,III,Azərbaycan Dillər Universiteti,126295, Dil və ədəbiyyat müəllimliyi (ingilis dili üzrə),Ə,625,625
AZ,III,Azərbaycan Dillər Universiteti,126319, Dil və ədəbiyyat müəllimliyi (alman dili üzrə),Ə,349,421
AZ,III,Azərbaycan Dillər Universiteti,126327, Dil və ədəbiyyat müəllimliyi (fransız dili üzrə),Ə,335,438
AZ,III,Azərbaycan Dillər Universiteti,126335, Xarici dil müəllimliyi (ingilis dili),Ə,395,555
AZ,III,Azərbaycan Dillər Universiteti,126343, Xarici dil müəllimliyi (alman dili),Ə,357,579
AZ,III,Azərbaycan Dillər Universiteti,126351, Xarici dil müəllimliyi (fransız dili),Ə,348,557
AZ,III,Azərbaycan Dillər Universiteti,126392, Filologiya (ingilis dili və ədəbiyyatı),Ə,518,607
AZ,III,Azərbaycan Dillər Universiteti,126416, Filologiya (alman dili və ədəbiyyatı),Ə,377, - 
AZ,III,Azərbaycan Dillər Universiteti,126424, Filologiya (fransız dili və ədəbiyyatı),Ə,352, - 
AZ,III,Azərbaycan Dillər Universiteti,126432, Filologiya (ispan dili və ədəbiyyatı),Ə,359, - 
AZ,III,Azərbaycan Dillər Universiteti,126449, Filologiya (Azərbaycan dili və ədəbiyyatı),Ə,421, - 
AZ,III,Azərbaycan Dillər Universiteti,126457, Tərcümə (Azərbaycan dili-ingilis dili),Ə,614,614
AZ,III,Azərbaycan Dillər Universiteti,126465, Tərcümə (Azərbaycan dili-ispan dili),Ə,466,602
AZ,III,Azərbaycan Dillər Universiteti,126473, Tərcümə (Azərbaycan dili-alman dili),Ə,200, - 
AZ,III,Azərbaycan Dillər Universiteti,126481, Tərcümə (Azərbaycan dili-fransız dili),Ə,248, - 
AZ,III,Azərbaycan Dillər Universiteti,126498, Tərcümə (Azərbaycan dili-italyan dili),Ə,511,602
AZ,III,Azərbaycan Dillər Universiteti,126513, Tərcümə (Koreya dili-Azərbaycan dili-Koreya dili),Ə,455,601
AZ,III,Azərbaycan Dillər Universiteti,126562, Jurnalistika (tədris ingilis dilində),Ə,200,419
AZ,III,Azərbaycan Dillər Universiteti,127186, Azərbaycan dili və ədəbiyyatı müəllimliyi,Ə,402,515
AZ,III,Azərbaycan Dillər Universiteti,127218, Xarici dil müəllimliyi (ingilis dili üzrə),Ə,390,562
AZ,III,Azərbaycan Dillər Universiteti,127226, Xarici dil müəllimliyi (alman dili üzrə),Ə,324, - 
AZ,III,Azərbaycan Dillər Universiteti,127234, Xarici dil müəllimliyi (fransız dili üzrə),Ə,314, - 
AZ,III,Azərbaycan Dillər Universiteti,127259, Xarici dil müəllimliyi (rus dili üzrə),Ə,288,561
AZ,III,Azərbaycan Dillər Universiteti,127267, İbtidai sinif müəllimliyi,Ə,394,427
AZ,III,Azərbaycan Dillər Universiteti,127283, Məktəbəqədər təlim və tərbiyə,Ə,364,387
AZ,III,Azərbaycan Dillər Universiteti,127315, Təhsildə sosial-psixoloji xidmət,Ə,370,478
AZ,III,Azərbaycan Dillər Universiteti,127331, Filologiya (ingilis dili və ədəbiyyatı),Ə,377, - 
AZ,III,Azərbaycan Dillər Universiteti,127348, Filologiya (Azərbaycan dili və ədəbiyyatı),Ə,385, - 
AZ,III,Azərbaycan Dillər Universiteti,127356, Filologiya (Azərbaycan dili və ədəbiyyatı),Q,356, - 
AZ,III,Azərbaycan Dillər Universiteti,127397, Tərcümə (ingilis dili),Ə,435,605
AZ,III,Azərbaycan Dillər Universiteti,127412, Tərcümə (bolqar dili),Ə,200, - 
AZ,III,Azərbaycan Dillər Universiteti,127429, Tərcümə (yunan dili),Ə,203, - 
AZ,III,Azərbaycan Dillər Universiteti,127445, Tərcümə (Azərbaycan-rus dilləri),Ə,272, - 
AZ,III,Azərbaycan Dillər Universiteti,127453, Jurnalistika,Ə,326,401
AZ,III,Azərbaycan Respublikası Prezidenti yanında Dövlət İdarəçilik Akademiyası,129243, Politologiya,Ə,647,647
AZ,III,Azərbaycan Respublikası Prezidenti yanında Dövlət İdarəçilik Akademiyası,129268, Hüquqşünaslıq,Ə,675,675
AZ,III,"""ADA"" Universiteti",131179, Dövlət və ictimai münasibətlər (tədris ingilis dilində),Ə,472,
AZ,III,Azərbaycan Dövlət Mədəniyyət və İncəsənət Universiteti,134135, Kitabxanaçılıq və informasiya,Ə,285, - 
AZ,III,Azərbaycan Dövlət Mədəniyyət və İncəsənət Universiteti,134143," Muzeyşünaslıq, arxiv işi və abidələrin qorunması",Ə,280,413
AZ,III,Azərbaycan Dövlət Mədəniyyət və İncəsənət Universiteti,134168, Sənətşünaslıq,Ə,288,375
AZ,III,Azərbaycan Dövlət Mədəniyyət və İncəsənət Universiteti,134184, Teatrşünaslıq,Ə,262,377
AZ,III,Azərbaycan Dövlət Mədəniyyət və İncəsənət Universiteti,134192, Bədii yaradıcılıq və ekran dramaturgiyası,Ə,294,443
AZ,III,Azərbaycan Dövlət Mədəniyyət və İncəsənət Universiteti,134224, Kinoşünaslıq,Ə,276,389
AZ,III,Azərbaycan Dövlət Mədəniyyət və İncəsənət Universiteti,134232, Sosial iş,Ə,344, - 
AZ,III,Azərbaycan Dövlət Rəssamlıq Akademiyası,135123, Sənətşünaslıq,Ə,236,380
AZ,III,Azərbaycan Dövlət Rəssamlıq Akademiyası,135131, Sənətşünaslıq,Q,211,402
AZ,III,Azərbaycan Turizm və Menecment Universiteti,136258, Tərcümə (ingilis dili-Azərbaycan dili),Ə,351,603
AZ,III,Azərbaycan Turizm və Menecment Universiteti,136266," Muzeyşünaslıq, arxiv işi və abidələrin qorunması",Ə,276,400
AZ,III,Azərbaycan Turizm və Menecment Universiteti,136274, Sosial iş,Ə,429,514
AZ,III,Bakı Xoreoqrafiya Akademiyası,136533, Sənətşünaslıq (səhnəqrafiya tarixi),Ə,224, - 
AZ,III,Bakı Xoreoqrafiya Akademiyası,136541, Sənətşünaslıq (səhnəqrafiya tarixi),Q,205, - 
AZ,III,Bakı Xoreoqrafiya Akademiyası,136558, Teatrşünaslıq (balet tarixi),Ə,213, - 
AZ,III,Milli Aviasiya Akademiyası,138389, Hüquqşünaslıq,Ə,564, - 
AZ,III,Azərbaycan Respublikası Dövlət Gömrük Komitəsinin Akademiyası,141522, Hüquqşünaslıq,Ə,561, - 
AZ,III,Naxçıvan Dövlət Universiteti,142373, Azərbaycan dili və ədəbiyyatı müəllimliyi,Ə,361,519
AZ,III,Naxçıvan Dövlət Universiteti,142381, Xarici dil müəllimliyi (ingilis dili üzrə),Ə,451,557
AZ,III,Naxçıvan Dövlət Universiteti,142398, Xarici dil müəllimliyi (fransız dili üzrə),Ə,277, - 
AZ,III,Naxçıvan Dövlət Universiteti,142413, Xarici dil müəllimliyi (alman dili üzrə),Ə,200, - 
AZ,III,Naxçıvan Dövlət Universiteti,142421, Xarici dil müəllimliyi (rus dili üzrə),Ə,255, - 
AZ,III,Naxçıvan Dövlət Universiteti,142438, Tarix müəllimliyi,Ə,405,521
AZ,III,Naxçıvan Dövlət Universiteti,142446, Tərcümə (ərəb dili-Azərbaycan dili),Ə,200, - 
AZ,III,Naxçıvan Dövlət Universiteti,142454, Tərcümə (ingilis dili-Azərbaycan dili),Ə,370,670
AZ,III,Naxçıvan Dövlət Universiteti,142462, Hüquqşünaslıq,Ə,542,682
AZ,III,Naxçıvan Dövlət Universiteti,142479, Hüquqşünaslıq,Q,488, - 
AZ,III,Naxçıvan Dövlət Universiteti,142487, Kitabxanaçılıq və informasiya,Ə,200,422
AZ,III,Naxçıvan Dövlət Universiteti,142495," Muzeyşünaslıq, arxiv işi və abidələrin qorunması",Ə,277,403
AZ,III,Naxçıvan Dövlət Universiteti,142519, Sosial iş,Ə,309,512
AZ,III,Naxçıvan Dövlət Universiteti,142527, Jurnalistika,Ə,200,425
AZ,III,Naxçıvan Müəllimlər İnstitutu,143126, İbtidai sinif müəllimliyi,Ə,200,431
AZ,III,Naxçıvan Müəllimlər İnstitutu,143134, Məktəbəqədər təlim və tərbiyə,Ə,200,392
AZ,III,Naxçıvan Müəllimlər İnstitutu,143142, Təhsildə sosial-psixoloji xidmət,Ə,200,493
AZ,III,Naxçıvan Müəllimlər İnstitutu,143159, Kitabxanaçılıq və informasiya,Ə,200, - 
AZ,III,Gəncə Dövlət Universiteti,145346, Azərbaycan dili və ədəbiyyatı müəllimliyi,Ə,339,515
AZ,III,Gəncə Dövlət Universiteti,145354, Xarici dil müəllimliyi (ingilis dili),Ə,338,561
AZ,III,Gəncə Dövlət Universiteti,145362, Xarici dil müəllimliyi (rus dili),Ə,262, - 
AZ,III,Gəncə Dövlət Universiteti,145379, Xarici dil müəllimliyi (alman dili),Ə,244, - 
AZ,III,Gəncə Dövlət Universiteti,145387, Xarici dil müəllimliyi (fransız dili),Ə,241, - 
AZ,III,Gəncə Dövlət Universiteti,145419, Tarix müəllimliyi,Ə,353,515
AZ,III,Gəncə Dövlət Universiteti,145427, İbtidai sinif müəllimliyi,Ə,431,431
AZ,III,Gəncə Dövlət Universiteti,145443, Məktəbəqədər təlim və tərbiyə,Ə,284,389
AZ,III,Gəncə Dövlət Universiteti,145451, Təhsildə sosial-psixoloji xidmət,Ə,293,473
AZ,III,Gəncə Dövlət Universiteti,145468, Filologiya (Azərbaycan dili və ədəbiyyatı),Ə,314, - 
AZ,III,Gəncə Dövlət Universiteti,145476, Filologiya (Azərbaycan dili və ədəbiyyatı),Q,279, - 
AZ,III,Gəncə Dövlət Universiteti,145484, Tərcümə (ingilis dili),Ə,265, - 
AZ,III,Gəncə Dövlət Universiteti,145492, Tarix,Ə,354, - 
AZ,III,Gəncə Dövlət Universiteti,145516, Tarix,Q,305,612
AZ,III,Gəncə Dövlət Universiteti,145524, Sosial iş,Ə,315,514
AZ,III,Gəncə Dövlət Universiteti,145532, Sosial iş,Q,265, - 
AZ,III,Sumqayıt Dövlət Universiteti,148562, Azərbaycan dili və ədəbiyyatı müəllimliyi,Ə,350, - 
AZ,III,Sumqayıt Dövlət Universiteti,148579, Xarici dil müəllimliyi (ingilis dili),Ə,363, - 
AZ,III,Sumqayıt Dövlət Universiteti,148587, Tarix müəllimliyi,Ə,360, - 
AZ,III,Sumqayıt Dövlət Universiteti,148595, İbtidai sinif müəllimliyi,Ə,341,450
AZ,III,Sumqayıt Dövlət Universiteti,148619, Məktəbəqədər təlim və tərbiyə,Ə,308,388
AZ,III,Sumqayıt Dövlət Universiteti,148627, Təhsildə sosial-psixoloji xidmət,Ə,313, - 
AZ,III,Sumqayıt Dövlət Universiteti,148635, Təhsildə sosial-psixoloji xidmət,Q,293, - 
AZ,III,Sumqayıt Dövlət Universiteti,148643, Filologiya (Azərbaycan dili və ədəbiyyatı),Ə,341, - 
AZ,III,Sumqayıt Dövlət Universiteti,148651, Filologiya (Azərbaycan dili və ədəbiyyatı),Q,328, - 
AZ,III,Sumqayıt Dövlət Universiteti,148668, Tarix,Ə,383, - 
AZ,III,Sumqayıt Dövlət Universiteti,148676, Tarix,Q,322, - 
AZ,III,Sumqayıt Dövlət Universiteti,148684, Politologiya,Ə,338, - 
AZ,III,Mingəçevir Dövlət Universiteti,149348, Azərbaycan dili və ədəbiyyatı müəllimliyi,Ə,356,518
AZ,III,Mingəçevir Dövlət Universiteti,149356, Xarici dil müəllimliyi (ingilis dili),Ə,345,555
AZ,III,Mingəçevir Dövlət Universiteti,149364, İbtidai sinif müəllimliyi,Ə,298,428
AZ,III,Mingəçevir Dövlət Universiteti,149372, Məktəbəqədər təlim və tərbiyə,Ə,242,386
AZ,III,Lənkəran Dövlət Universiteti,151315, Azərbaycan dili və ədəbiyyatı müəllimliyi,Ə,331,519
AZ,III,Lənkəran Dövlət Universiteti,151323, Xarici dil müəllimliyi (ingilis dili üzrə),Ə,313,561
AZ,III,Lənkəran Dövlət Universiteti,151331, İbtidai sinif müəllimliyi,Ə,256,441
AZ,III,Lənkəran Dövlət Universiteti,151348, Məktəbəqədər təlim və tərbiyə,Ə,200,387
AZ,III,Lənkəran Dövlət Universiteti,151356, Təhsildə sosial-psixoloji xidmət,Ə,239,501
AZ,III,Lənkəran Dövlət Universiteti,151364, Tərcümə (ingilis dili üzrə),Ə,200, - 
AZ,III,Lənkəran Dövlət Universiteti,151372," Muzeyşünaslıq, arxiv işi və abidələrin qorunması",Ə,221,429
AZ,III,Azərbaycan Kooperasiya Universiteti,152377, Tərcümə (ingilis dili),Q,206,
AZ,III,Azərbaycan Kooperasiya Universiteti,152385, Tərcümə (ingilis dili),Ə,203,
AZ,III,Bakı İslam Universiteti,154118, Dinşünaslıq,Ə,100,
AZ,III,Bakı İslam Universiteti,154126, Dinşünaslıq,Q,100,
AZ,III,"""Azərbaycan"" Universiteti",155269, Filologiya (Azərbaycan dili və ədəbiyyatı),Ə,235, - 
AZ,III,"""Azərbaycan"" Universiteti",155277, Tərcümə (ingilis dili),Ə,209, - 
AZ,III,"""Azərbaycan"" Universiteti",155293, Tarix,Ə,258, - 
AZ,III,"""Azərbaycan"" Universiteti",155317, Sosial iş,Ə,232, - 
AZ,III,Qərb Universiteti,157415, Filologiya (Azərbaycan dili və ədəbiyyatı),Ə,237, - 
AZ,III,Qərb Universiteti,157423, Filologiya (ingilis dili və ədəbiyyatı),Ə,226, - 
AZ,III,Qərb Universiteti,157431, Fəlsəfə,Ə,200, - 
AZ,III,Qərb Universiteti,157448," Tərcümə (ingilis, alman, fransız, çin)",Ə,247, - 
AZ,III,Qərb Universiteti,157456, Tarix,Ə,237, - 
AZ,III,Qərb Universiteti,157464, Tarix,Q,240, - 
AZ,III,Qərb Universiteti,157472, Politologiya,Ə,227, - 
AZ,III,Qərb Universiteti,157489, Politologiya,Q,216, - 
AZ,III,Xəzər Universiteti,158322, Azərbaycan dili və ədəbiyyatı müəllimliyi,Ə,200,517
AZ,III,Xəzər Universiteti,158339," Xarici dil müəllimliyi (ingilis dili, tədris ingilis dilində)",Ə,200,568
AZ,III,Xəzər Universiteti,158347, Tarix müəllimliyi,Ə,200,523
AZ,III,Xəzər Universiteti,158355, İbtidai sinif müəllimliyi,Ə,200,427
AZ,III,Xəzər Universiteti,158363, Filologiya (Azərbaycan dili və ədəbiyyatı),Ə,200, - 
AZ,III,Xəzər Universiteti,158371," Filologiya (ingilis dili və ədəbiyyatı, tədris ingilis dilində)",Ə,200, - 
AZ,III,Xəzər Universiteti,158388," Tərcümə (ingilis, ərəb, fars və çin dili, tədris ingilis dilində)",Ə,200,627
AZ,III,Xəzər Universiteti,158396, Politologiya (tədris ingilis dilində),Ə,200,639
AZ,III,Bakı Avrasiya Universiteti,162161, Filologiya (Azərbaycan dili və ədəbiyyatı),Ə,275, - 
AZ,III,Bakı Avrasiya Universiteti,162178, Filologiya (Azərbaycan dili və ədəbiyyatı),Q,277, - 
AZ,III,Bakı Avrasiya Universiteti,162186, Filologiya (ingilis dili və ədəbiyyatı),Ə,221, - 
AZ,III,Bakı Avrasiya Universiteti,162194, Filologiya (türk dili və ədəbiyyatı),Ə,217, - 
AZ,III,Bakı Avrasiya Universiteti,162218, Tərcümə (ingilis dili),Ə,215, - 
AZ,III,Bakı Avrasiya Universiteti,162226, Tərcümə (alman dili),Ə,202, - 
AZ,III,Bakı Avrasiya Universiteti,162234, Tərcümə (fransız dili),Ə,201, - 
AZ,III,Bakı Avrasiya Universiteti,162242, Tərcümə (ərəb dili),Ə,200, - 
AZ,III,Bakı Qızlar Universiteti,163133, Azərbaycan dili və ədəbiyyatı müəllimliyi,Ə,256, - 
AZ,III,Bakı Qızlar Universiteti,163141, Xarici dil müəllimliyi (ingilis dili),Ə,253, - 
AZ,III,Bakı Qızlar Universiteti,163158, Tarix müəllimliyi,Ə,227, - 
AZ,III,Bakı Qızlar Universiteti,163166, İbtidai sinif müəllimliyi,Ə,228,442
AZ,III,Bakı Qızlar Universiteti,163174, Məktəbəqədər təlim və tərbiyə,Ə,205, - 
AZ,III,Bakı Qızlar Universiteti,163182, Təhsildə sosial-psixoloji xidmət,Ə,207, - 
AZ,III,"""Odlar Yurdu"" Universiteti",164357, Xarici dil müəllimliyi (ingilis dili üzrə),Ə,265, - 
AZ,III,"""Odlar Yurdu"" Universiteti",164373, Filologiya (dil və ədəbiyyat göstərilməklə),Ə,216, - 
AZ,III,"""Odlar Yurdu"" Universiteti",164381, Tərcümə (ingilis dili üzrə),Ə,202, - 
AZ,III,Bakı Biznes Universiteti,165231, Tərcümə (ingilis dili),Ə,206, - 
AZ,III,"""Naxçıvan"" Universiteti (Naxçıvan şəhəri)",168197, Azərbaycan dili və ədəbiyyatı müəllimliyi,Ə,248, - 
AZ,III,"""Naxçıvan"" Universiteti (Naxçıvan şəhəri)",168212, Xarici dil müəllimliyi (ingilis dili),Ə,200, - 
AZ,III,"""Naxçıvan"" Universiteti (Naxçıvan şəhəri)",168229, Tarix müəllimliyi,Ə,236, - 
AZ,III,"""Naxçıvan"" Universiteti (Naxçıvan şəhəri)",168237, Filologiya (alman dili və ədəbiyyatı),Ə,200, - 
AZ,III,"""Naxçıvan"" Universiteti (Naxçıvan şəhəri)",168245, Dinşünaslıq,Ə,200, - 
AZ,III,Azərbaycan Əmək və Sosial Münasibətlər Akademiyası,171177, Sosial iş,Ə,269, - 
AZ,IV,Bakı Dövlət Universiteti,112557, Biologiya müəllimliyi,Ə,426,426
AZ,IV,Bakı Dövlət Universiteti,112573, Kimya müəllimliyi,Ə,348,464
AZ,IV,Bakı Dövlət Universiteti,112598, Psixologiya,Ə,412,470
AZ,IV,Bakı Dövlət Universiteti,112621, Psixologiya (tədris ingilis dilində),Ə,471,471
AZ,IV,Bakı Dövlət Universiteti,112638, Kimya,Ə,345,496
AZ,IV,Bakı Dövlət Universiteti,112654, Kimya (tədris ingilis dilində),Ə,480,496
AZ,IV,Bakı Dövlət Universiteti,112662, Biologiya,Ə,333,473
AZ,IV,Bakı Dövlət Universiteti,112679, Biologiya,Q,258,493
AZ,IV,Bakı Dövlət Universiteti,112695, Biologiya (tədris ingilis dilində),Ə,416,482
AZ,IV,Bakı Dövlət Universiteti,112719, Ekologiya,Ə,353,353
AZ,IV,Bakı Dövlət Universiteti,112727, Ekologiya,Q,200,333
AZ,IV,Bakı Dövlət Universiteti,112743, Ekologiya (tədris ingilis dilində),Ə,359,359
AZ,IV,Bakı Dövlət Universiteti,112751, Su bioehtiyatları və akvabitkilər,Ə,312,312
AZ,IV,Bakı Dövlət Universiteti,112938, Kimya və biologiya müəllimliyi (Qazax filialı),Ə,200, - 
AZ,IV,Azərbaycan Tibb Universiteti,121118, Əczaçılıq,Ə,535,535
AZ,IV,Azərbaycan Tibb Universiteti,121134, Müalicə işi,Ə,545,651
AZ,IV,Azərbaycan Tibb Universiteti,121167, Tibbi profilaktika,Ə,539,591
AZ,IV,Azərbaycan Tibb Universiteti,121183, Stomatologiya,Ə,539,641
AZ,IV,Azərbaycan Dövlət Pedaqoji Universiteti,122366, Biologiya müəllimliyi,Ə,277,411
AZ,IV,Azərbaycan Dövlət Pedaqoji Universiteti,122374, Kimya müəllimliyi,Ə,276,488
AZ,IV,Azərbaycan Dövlət Pedaqoji Universiteti,122382, Kimya və biologiya müəllimliyi,Ə,403,420
AZ,IV,Azərbaycan Dövlət İqtisad Universiteti,123784, Ekologiya,Ə,266,333
AZ,IV,Azərbaycan Dövlət Bədən Tərbiyəsi və İdman Akademiyası,137124, Bədən tərbiyəsi və idmanda reabilitasiya,Ə,200,260
AZ,IV,Naxçıvan Dövlət Universiteti,142535, Biologiya müəllimliyi,Ə,291,422
AZ,IV,Naxçıvan Dövlət Universiteti,142543, Kimya müəllimliyi,Ə,268,466
AZ,IV,Naxçıvan Dövlət Universiteti,142551, Baytarlıq,Ə,150,150
AZ,IV,Naxçıvan Dövlət Universiteti,142568, Əczaçılıq,Ə,455,468
AZ,IV,Naxçıvan Dövlət Universiteti,142576, Müalicə işi,Ə,540, - 
AZ,IV,Naxçıvan Dövlət Universiteti,142584, Tibbi profilaktika,Ə,473,637
AZ,IV,Naxçıvan Dövlət Universiteti,142592, Stomatologiya,Ə,519,645
AZ,IV,Azərbaycan Dövlət Aqrar Universiteti (Gəncə ş.),144552, Ekologiya,Ə,196,196
AZ,IV,Azərbaycan Dövlət Aqrar Universiteti (Gəncə ş.),144569, Baytarlıq,Ə,167,167
AZ,IV,Azərbaycan Dövlət Aqrar Universiteti (Gəncə ş.),144585, Su bioehtiyatları və akvabitkilər,Ə,159,159
AZ,IV,Azərbaycan Dövlət Aqrar Universiteti (Gəncə ş.),144593, Əczaçılıq,Ə,243,243
AZ,IV,Gəncə Dövlət Universiteti,145549, Biologiya müəllimliyi,Ə,215,411
AZ,IV,Gəncə Dövlət Universiteti,145557, Kimya müəllimliyi,Ə,220,533
AZ,IV,Gəncə Dövlət Universiteti,145565, Kimya və biologiya müəllimliyi,Ə,219,423
AZ,IV,Gəncə Dövlət Universiteti,145573, Psixologiya,Ə,200,498
AZ,IV,Gəncə Dövlət Universiteti,145581, Kimya,Ə,200, - 
AZ,IV,Gəncə Dövlət Universiteti,145598, Biologiya,Ə,200,508
AZ,IV,Sumqayıt Dövlət Universiteti,148692, Kimya və biologiya müəllimliyi,Ə,223, - 
AZ,IV,Sumqayıt Dövlət Universiteti,148716, Psixologiya,Ə,207, - 
AZ,IV,Sumqayıt Dövlət Universiteti,148724, Psixologiya,Q,200, - 
AZ,IV,Sumqayıt Dövlət Universiteti,148732, Kimya,Ə,208, - 
AZ,IV,Sumqayıt Dövlət Universiteti,148749, Biologiya,Ə,211, - 
AZ,IV,Lənkəran Dövlət Universiteti,151389, Kimya və biologiya müəllimliyi,Ə,200,438
AZ,IV,Lənkəran Dövlət Universiteti,151397, Ekologiya,Ə,155,351
AZ,IV,Lənkəran Dövlət Universiteti,151412, Baytarlıq,Ə,150,274
AZ,IV,Azərbaycan Kooperasiya Universiteti,152393, Ekologiya,Ə,181,
AZ,IV,Qərb Universiteti,157497, Psixologiya,Ə,238, - 
AZ,IV,Qərb Universiteti,157512, Psixologiya,Q,200, - 
AZ,IV,Qərb Universiteti,157545, Biologiya,Ə,200,
AZ,IV,Xəzər Universiteti,158411, Biologiya müəllimliyi,Ə,200,425
AZ,IV,Xəzər Universiteti,158428, Kimya müəllimliyi,Ə,200, - 
AZ,IV,Xəzər Universiteti,158436, Kimya və biologiya müəllimliyi,Ə,200,428
AZ,IV,Xəzər Universiteti,158444, Psixologiya (tədris ingilis dilində),Ə,200, - 
AZ,IV,Bakı Qızlar Universiteti,163199, Psixologiya,Ə,200, - 
AZ,IV,"""Odlar Yurdu"" Universiteti",164413, Psixologiya,Ə,200, - 
AZ,IV,"""Odlar Yurdu"" Universiteti",164438, Biologiya,Ə,200, - 
AZ,IV,"""Naxçıvan"" Universiteti (Naxçıvan şəhəri)",168253, Kimya və biologiya müəllimliyi,Ə,200, - 
AZ,V,Azərbaycan Memarlıq və İnşaat Universiteti,*118568, Dizayn,Ə,71,73
AZ,V,Azərbaycan Dövlət Pedaqoji Universiteti,*122414, Fiziki tərbiyə və çağırışaqədərki hazırlıq (qızlar üçün fiziki tərbiyə) müəllimliyi,Ə,61,72
AZ,V,Azərbaycan Dövlət Pedaqoji Universiteti,*122439, Musiqi müəllimliyi,Ə,25,65
AZ,V,Azərbaycan Dövlət Pedaqoji Universiteti,*122447, Təsviri incəsənət müəllimliyi,Ə,48,63
AZ,V,Azərbaycan Dövlət İqtisad Universiteti,*123792, Dizayn,Ə,62,75
AZ,V,Azərbaycan Dövlət İqtisad Universiteti,*132118, Musiqi müəllimliyi,Ə,35,64
AZ,V,Azərbaycan Dövlət İqtisad Universiteti,**132126," İnstrumental ifaçılıq (fortepiano, orqan, klavesin, violin (skripka), viola (alt simli), violonçel, kontrabas, arfa, fleyta, qoboy, klarnet, saksofon, faqot, valtorna, truba, trombon, tuba, zərb alətləri)",Ə,8/53,(9/60)
AZ,V,Azərbaycan Dövlət İqtisad Universiteti,**132134," İnstrumental ifaçılıq (fortepiano, orqan, klavesin, violin (skripka), viola (alt simli), violonçel, kontrabas, arfa, fleyta, qoboy, klarnet, saksofon, faqot, valtorna, truba, trombon, tuba, zərb alətləri)",Q,7/25, - 
AZ,V,Azərbaycan Dövlət İqtisad Universiteti,**132142, Solo oxuma,Ə,7/25,(10/34)
AZ,V,Azərbaycan Dövlət İqtisad Universiteti,**132159, Dirijorluq,Ə,7/25,(9/67)
AZ,V,Azərbaycan Dövlət İqtisad Universiteti,**132167, Dirijorluq,Q,9/58,(9/58)
AZ,V,Azərbaycan Dövlət İqtisad Universiteti,**132175, Bəstəkarlıq,Ə,10/59,(10/59)
AZ,V,Azərbaycan Dövlət İqtisad Universiteti,**132183, Musiqişünaslıq,Ə,7/25,(9/77)
AZ,V,Azərbaycan Dövlət İqtisad Universiteti,**132191, Musiqişünaslıq,Q,8/75,(10/74)
AZ,V,Azərbaycan Milli Konservatoriyası,*133114, Musiqi müəllimliyi,Ə,25,63
AZ,V,Azərbaycan Milli Konservatoriyası,**133122, Solo oxuma (milli vokal),Ə,8/60,(10/37)
AZ,V,Azərbaycan Milli Konservatoriyası,**133139, Solo oxuma (xanəndəlik),Ə,7/30,(9/79)
AZ,V,Azərbaycan Milli Konservatoriyası,**133147, Solo oxuma (xanəndəlik),Q,8/36,(10/57)
AZ,V,Azərbaycan Milli Konservatoriyası,**133155, Dirijorluq,Ə,9/32,(9/55)
AZ,V,Azərbaycan Milli Konservatoriyası,**133163, Bəstəkarlıq,Ə,7/25, - 
AZ,V,Azərbaycan Milli Konservatoriyası,**133171, Musiqişünaslıq,Ə,7/25,(9/78)
AZ,V,Azərbaycan Milli Konservatoriyası,**133188, Musiqişünaslıq,Q,8/47, - 
AZ,V,Azərbaycan Milli Konservatoriyası,**133196," Estrada sənəti (fortepiano, akkordeon, klarnet, fleyta, gitara, saksofon, truba, tar, kamança, qanun, balaban, qoboy, tütək, ney, ud)",Ə,8/60,(10/72)
AZ,V,Azərbaycan Milli Konservatoriyası,**133211," Xalq çalğı alətləri ifaçılığı (tar, saz, kamança, qanun, balaban, ney, zurna, tütək)",Ə,7/30,(10/44)
AZ,V,Azərbaycan Milli Konservatoriyası,**133228," Xalq çalğı alətləri ifaçılığı (tar, saz, kamança, qanun, balaban, ney, zurna, tütək)",Q,7/46,(10/60)
AZ,V,Azərbaycan Dövlət Mədəniyyət və İncəsənət Universiteti,*134257, Musiqi müəllimliyi,Ə,25,62
AZ,V,Azərbaycan Dövlət Mədəniyyət və İncəsənət Universiteti,*134265, Təsviri incəsənət müəllimliyi,Ə,49,66
AZ,V,Azərbaycan Dövlət Mədəniyyət və İncəsənət Universiteti,**134281," İnstrumental ifaçılıq (fortepiano, violin (skripka), gitara, klarnet, saksofon, zərb alətləri)",Ə,7/25,(9/66)
AZ,V,Azərbaycan Dövlət Mədəniyyət və İncəsənət Universiteti,**134313, Solo oxuma (xanəndə),Ə,7/41, - 
AZ,V,Azərbaycan Dövlət Mədəniyyət və İncəsənət Universiteti,**134321, Musiqişünaslıq,Ə,7/25, - 
AZ,V,Azərbaycan Dövlət Mədəniyyət və İncəsənət Universiteti,**134338, Estrada sənəti,Ə,8/54,(10/68)
AZ,V,Azərbaycan Dövlət Mədəniyyət və İncəsənət Universiteti,**134354," Xalq çalğı alətləri ifaçılığı (tar, kamança, saz, qanun, nağara, balaban)",Ə,7/30,(10/78)
AZ,V,Azərbaycan Dövlət Mədəniyyət və İncəsənət Universiteti,**134362, Aktyor sənəti,Ə,7/40,(9/50)
AZ,V,Azərbaycan Dövlət Mədəniyyət və İncəsənət Universiteti,**134387, Dekorativ sənət,Ə,7/50, - 
AZ,V,Azərbaycan Dövlət Mədəniyyət və İncəsənət Universiteti,**134419, Rejissorluq,Ə,7/60,(9/70)
AZ,V,Azərbaycan Dövlət Mədəniyyət və İncəsənət Universiteti,**134435, Operator sənəti,Ə,7/40,(9/67)
AZ,V,Azərbaycan Dövlət Mədəniyyət və İncəsənət Universiteti,**134451, Rəngkarlıq,Ə,9/34, - 
AZ,V,Azərbaycan Dövlət Mədəniyyət və İncəsənət Universiteti,**134476, Qrafika,Ə,8/70, - 
AZ,V,Azərbaycan Dövlət Mədəniyyət və İncəsənət Universiteti,**134484, Dizayn,Ə,8/53, - 
AZ,V,Azərbaycan Dövlət Rəssamlıq Akademiyası,*135148, Təsviri incəsənət müəllimliyi,Ə,61,63
AZ,V,Azərbaycan Dövlət Rəssamlıq Akademiyası,**135156, Dekorativ sənət,Ə,7/50,(10/60)
AZ,V,Azərbaycan Dövlət Rəssamlıq Akademiyası,**135164, Rəngkarlıq,Ə,9/42,(10/53)
AZ,V,Azərbaycan Dövlət Rəssamlıq Akademiyası,**135172, Qrafika,Ə,9/44,(9/60)
AZ,V,Azərbaycan Dövlət Rəssamlıq Akademiyası,**135189, Heykəltəraşlıq,Ə,8/36,(9/55)
AZ,V,Azərbaycan Dövlət Rəssamlıq Akademiyası,**135197, Dizayn,Ə,8/50,(9/83)
AZ,V,Bakı Xoreoqrafiya Akademiyası,*136566, Rəqs müəllimliyi,Ə,37,45
AZ,V,Bakı Xoreoqrafiya Akademiyası,*136574, Rəqs müəllimliyi,Q,25, - 
AZ,V,Bakı Xoreoqrafiya Akademiyası,*136582, Musiqi müəllimliyi,Ə,25, - 
AZ,V,Bakı Xoreoqrafiya Akademiyası,*136599, Musiqi müəllimliyi,Q,37, - 
AZ,V,Bakı Xoreoqrafiya Akademiyası,**136614," İnstrumental ifaçılıq (fortepiano, klarnet, zərb alətləri)",Ə,7/25, - 
AZ,V,Bakı Xoreoqrafiya Akademiyası,**136622," İnstrumental ifaçılıq (fortepiano, klarnet, zərb alətləri)",Q,7/25, - 
AZ,V,Bakı Xoreoqrafiya Akademiyası,**136639, Musiqişünaslıq,Ə,7/25, - 
AZ,V,Bakı Xoreoqrafiya Akademiyası,**136647, Musiqişünaslıq,Q,7/25, - 
AZ,V,Bakı Xoreoqrafiya Akademiyası,**136655, Xoreoqrafiya sənəti (baletmeyster),Ə,9/47,(9/47)
AZ,V,Bakı Xoreoqrafiya Akademiyası,**136663, Xoreoqrafiya sənəti (baletmeyster),Q,10/47,(10/47)
AZ,V,Bakı Xoreoqrafiya Akademiyası,**136671, Xoreoqrafiya sənəti (ifaçılıq),Ə,7/25, - 
AZ,V,Bakı Xoreoqrafiya Akademiyası,**136688, Xoreoqrafiya sənəti (ifaçılıq),Q,7/25, - 
AZ,V,Bakı Xoreoqrafiya Akademiyası,**136696, Xoreoqrafiya sənəti (milli rəqslər),Ə,8/33,(9/58)
AZ,V,Bakı Xoreoqrafiya Akademiyası,**136711, Xoreoqrafiya sənəti (milli rəqslər),Q,8/35, - 
AZ,V,Bakı Xoreoqrafiya Akademiyası,**136728, Xoreoqrafiya sənəti (modern rəqslər),Ə,7/25, - 
AZ,V,Bakı Xoreoqrafiya Akademiyası,**136736, Xoreoqrafiya sənəti (modern rəqslər),Q,7/25, - 
AZ,V,Bakı Xoreoqrafiya Akademiyası,**136744," Xalq çalğı alətləri ifaçılığı (nağara, tar, balaban, kamança, qarmon)",Ə,7/30, - 
AZ,V,Bakı Xoreoqrafiya Akademiyası,**136752," Xalq çalğı alətləri ifaçılığı (nağara, tar, balaban, kamança, qarmon)",Q,7/30, - 
AZ,V,Bakı Xoreoqrafiya Akademiyası,**136769, Rejissorluq,Ə,7/60, - 
AZ,V,Bakı Xoreoqrafiya Akademiyası,**136777, Rejissorluq,Q,7/60, - 
AZ,V,Azərbaycan Dövlət Bədən Tərbiyəsi və İdman Akademiyası,*137132, Fiziki tərbiyə və çağırışaqədərki hazırlıq (qızlar üçün fiziki tərbiyə) müəllimliyi,Ə,64,72
AZ,V,Azərbaycan Dövlət Bədən Tərbiyəsi və İdman Akademiyası,*137149, Fiziki tərbiyə və çağırışaqədərki hazırlıq (qızlar üçün fiziki tərbiyə) müəllimliyi,Q,57,72
AZ,V,Azərbaycan Dövlət Bədən Tərbiyəsi və İdman Akademiyası,*137157, Məşqçi (idman növü üzrə),Ə,57,72
AZ,V,Azərbaycan Dövlət Bədən Tərbiyəsi və İdman Akademiyası,*137165, Məşqçi (idman növü üzrə),Q,54,73
AZ,V,Naxçıvan Dövlət Universiteti,*142616, Fiziki tərbiyə və çağırışaqədərki hazırlıq (qızlar üçün fiziki tərbiyə) müəllimliyi,Ə,55,75
AZ,V,Naxçıvan Dövlət Universiteti,*142624, Musiqi müəllimliyi,Ə,25,64
AZ,V,Naxçıvan Dövlət Universiteti,*142632, Təsviri incəsənət müəllimliyi,Ə,50,62
AZ,V,Naxçıvan Dövlət Universiteti,*142649, Bədən tərbiyəsi və idman,Ə,57,64
AZ,V,Naxçıvan Dövlət Universiteti,*142657, Bədən tərbiyəsi və idman,Q,55,66
AZ,V,Naxçıvan Dövlət Universiteti,**142665, İnstrumental ifaçılıq (fortepiano),Ə,7/25,(9/61)
AZ,V,Naxçıvan Dövlət Universiteti,**142673," İnstrumental ifaçılıq (violin (skripka), viola (alt simli), violonçel, kontrabas)",Ə,7/25,(10/59)
AZ,V,Naxçıvan Dövlət Universiteti,**142681," İnstrumental ifaçılıq (fleyta, klarnet, truba, saksofon, trombon, qoboy, valtorna, faqot)",Ə,7/25,(10/46)
AZ,V,Naxçıvan Dövlət Universiteti,**142698, Solo oxuma,Ə,9/49,(9/70)
AZ,V,Naxçıvan Dövlət Universiteti,**142713, Dirijorluq,Ə,7/25, - 
AZ,V,Naxçıvan Dövlət Universiteti,**142721, Bəstəkarlıq,Ə,7/34,(10/37)
AZ,V,Naxçıvan Dövlət Universiteti,**142738, Musiqişünaslıq,Ə,7/25,(10/48)
AZ,V,Naxçıvan Dövlət Universiteti,**142746, Musiqişünaslıq,Q,10/30,(10/30)
AZ,V,Naxçıvan Dövlət Universiteti,**142754," Xalq çalğı alətləri ifaçılığı (tar, kamança, saz, qanun, nağara, balaban, qarmon)",Ə,10/35,(10/44)
AZ,V,Naxçıvan Dövlət Universiteti,**142762, Aktyor sənəti,Ə,7/45, - 
AZ,V,Naxçıvan Dövlət Universiteti,**142779, Rəngkarlıq,Ə,9/40, - 
AZ,V,Naxçıvan Müəllimlər İnstitutu,*143167, Təsviri incəsənət müəllimliyi,Ə,45,64
AZ,V,Azərbaycan Dövlət Aqrar Universiteti (Gəncə ş.),*144625, Dizayn,Ə,59,77
AZ,V,Gəncə Dövlət Universiteti,*145613, Fiziki tərbiyə və çağırışaqədərki hazırlıq (qızlar üçün fiziki tərbiyə) müəllimliyi,Ə,57,72
AZ,V,Gəncə Dövlət Universiteti,*145621, Musiqi müəllimliyi,Ə,55,63
AZ,V,Gəncə Dövlət Universiteti,*145638, Təsviri incəsənət müəllimliyi,Ə,55,63
AZ,V,Gəncə Dövlət Universiteti,*145646, Bədən tərbiyəsi və idman,Ə,64,64
AZ,V,Gəncə Dövlət Universiteti,*145654, Bədən tərbiyəsi və idman,Q,59,64
AZ,V,Azərbaycan Texnologiya Universiteti (Gəncə ş.),*147436, Dizayn,Ə,55, - 
AZ,V,Sumqayıt Dövlət Universiteti,*148757, Fiziki tərbiyə və çağırışaqədərki hazırlıq (qızlar üçün fiziki tərbiyə) müəllimliyi,Ə,57,80
AZ,V,Lənkəran Dövlət Universiteti,**151429, Aktyor sənəti,Ə,7/40, - 
AZ,V,Qərb Universiteti,**157537, Dizayn,Ə,7/50, - 
AZ,V,Xəzər Universiteti,**158452, Dizayn (tədris ingilis dilində),Ə,7/50, - 
AZ,V,"Odlar Yurdu" Universiteti,**164446, Dizayn,Ə,7/50, -
AZ,V,"Odlar Yurdu" Universiteti,*164462, Dizayn,Ə,59, -
AZ,V,"Naxçıvan" Universiteti (Naxçıvan şəhəri),*168261, Bədən tərbiyəsi və idman,Ə,47, -
